ent_ip_src,ent_tp_src,ent_tp_dst,ent_packet_type,total_packets
2.1673929196,2.8413365232,1.9602081221,0.1067920324,572
2.2434586411,3.2886029734,2.7007745462,0.0723409631,1842
2.46143351,4.0343282483,2.5338835714,0.0498640231,1226
3.0435860483,4.1950083391,2.7503796051,0.1099905648,1654
1.7327341928,3.2757649728,1.970836653,0.0740915968,2161
2.7579804375,3.7122172633,3.2645121455,0.3339360631,198
2.4120383646,3.8252265516,2.9471887073,0,407
2.7217178634,3.5104961879,3.3892422724,0,313
2.2907086116,3.4847965866,3.0663200256,0,321
2.5222914557,4.0051117138,3.1390312213,0,944
2.3423758735,3.4593076672,2.8106646592,0,789
2.3850674433,3.831703467,2.7400261073,0,1041
2.4948221946,3.6264545115,2.6155986526,0.0425825298,2220
2.6897120331,3.4150402567,2.6527320834,0.2081809456,1108
2.3143840907,3.7604309283,3.1615942877,0.1120591714,907
2.929710775,4.2032811932,2.7183743005,0.0352660032,1648
1.6761068137,3.7038140565,1.8832144686,0,1412
1.9287135777,3.8186190179,1.8055077158,0.0094552062,5007
2.8186592237,3.3910070028,2.8012890585,0.0253749917,854
2.9117336745,3.77735163,2.7878695162,0.3186223172,579
2.5638803608,3.9254354297,3.4241297401,0.0734234127,1365
3.0004283226,4.0833927773,2.729893527,0.2886077876,342
2.6056357255,4.0706891505,2.0603674319,0.0187677631,4547
2.2095037165,3.1364886907,2.9369009784,0.0369356069,558
2.5875014877,4.0817175833,2.8045726863,0.0643759716,1376
2.4566570741,3.9036218454,2.8762770076,0.0893137119,1510
2.2381785436,3.7809953132,2.3755611728,0.0671104765,2019
2.4326479365,3.9242717709,2.2929613498,0.0632296372,1367
2.6290364723,4.0218582145,2.7284751187,0.0422386102,2423
3.0777480666,4.5649399189,2.9346622804,0.0892894791,1647
2.4365802988,3.8091908082,1.9908619321,0.0275658596,2940
2.6463999536,4.0174141462,2.8592836268,0.0269766302,1853
1.3863671565,3.252073578,1.7178102155,0.0743334402,678
2.5055367771,4.1983998739,2.5060077887,0.0687448416,1746
2.8015290083,4.2307674697,3.1563633578,0.1537421803,935
1.7591530335,3.5988317048,2.3465822488,0.0546082292,1971
2.5868974073,3.4516045621,2.4126979634,0.0359255808,1110
1.9326669711,3.4907238897,2.4587766538,0.0596028868,581
2.2094254403,3.770870723,2.7427764496,0.0366924997,1041
2.376195724,3.8751498153,3.074143851,0.0737119854,1141
2.9911085394,4.5129030229,2.9058634097,0.0578651468,4440
2.0474273533,3.3176887616,1.9793653999,0.0492701878,406
2.6069733466,4.3682115786,2.5918703258,0.0231312178,1823
2.307689741,4.1285892137,2.3997802469,0.0297368737,1320
2.607529048,3.8640499225,2.8643887547,0.0996074633,633
2.3578947795,4.0091770364,3.4780904283,0,455
2.154141023,3.6792027843,2.0908041451,0,3257
1.8614635071,3.2811825652,1.8168342775,0,1698
1.9538142017,2.3142314377,2.0360157796,0,727
2.3490325746,3.6222568523,3.0947350005,0,639
2.8128804904,4.1534392817,3.2597664002,0.0644571448,1060
2.125071687,3.7769257471,2.7946810042,0,362
2.021006306,2.6750025612,2.7633118792,0.2964316318,122
2.2596511715,3.459820104,2.2437945034,0.0354056104,2408
2.0938323367,3.6181612357,2.0198691952,0.0485118454,1720
2.2794781239,4.0926166056,2.5920248038,0.1365498493,2045
2.1326651274,3.1688830881,3.3761678584,0.1272202462,521
2.9263572995,4.0058010278,2.9054628546,0.100000943,556
2.1447710373,3.6275874266,2.0486310239,0.0870319234,4045
2.842079914,3.7938930204,2.7551490731,0.1324770592,988
2.9017337224,4.0673828142,3.086891356,0.0688193759,1020
1.8698038399,3.6411088464,2.0204404001,0.0266846287,2303
1.3871440133,3.8832901343,1.4313723553,0.0347031148,1380
1.4444675576,3.3301841051,2.0302250257,0.0302259191,2603
2.4576621558,3.7560435645,2.8388553698,0,663
1.8100594405,3.7287886388,2.0973839024,0.0543958792,767
2.3301906205,3.2351180889,2.4350221246,0.1773894532,646
2.3258586682,3.4593256491,2.9481021733,0,357
2.3520788512,3.2378155645,3.1117333009,0,142
2.3214096134,3.3386699069,3.3618473687,0.2752192319,646
2.8892927212,3.0627733054,3.0972469658,0.4912373418,219
2.0416463508,3.2542884584,2.4075050855,0.0694373031,1610
2.0980350032,3.7125594718,2.1364576868,0.0169441039,1312
1.9583358317,3.6243098725,2.3008435814,0.0501791333,2184
1.2063781481,2.5313987222,1.7760397153,0.0398341441,1404
1.917268683,2.8262565548,2.1597450329,0.172548559,370
2.7296738607,3.4172842017,3.1415659931,0,93
1.9913480259,3.0674844424,2.9340501583,0.0503176129,386
1.7419080673,3.0026943129,2.1293084334,0.06679717,1962
1.4501447428,1.8762461791,1.3213099165,0.0738944211,2543
2.2110782621,3.3593024427,2.2319621143,0.1282656133,2494
2.3273078389,3.406983334,2.2801869069,0.1062393319,2523
1.8701506516,3.0359616797,2.4816207377,0.0736809494,806
1.7891326971,2.0231613205,2.0722720664,0.0267661963,411
2.0408823934,2.4579192307,1.7987612896,0,757
2.0904828455,2.317826669,2.0288077465,0,331
2.2044750898,3.3023264537,2.162662956,0,1625
1.8336532683,3.2923384338,2.2777814606,0,950
1.9015758839,2.7423875447,1.9778122283,0,141
2.1034404013,3.6613141827,2.5139039118,0.0751264215,903
2.566434326,3.7493285233,2.6483477201,0.0464581088,1793
1.8331549609,1.6153366648,1.4606536399,1.0529815751,81
1.8328959081,2.9383951762,2.7610342108,0,245
2.2438836878,3.5514437457,3.0359879229,0.1454942488,202
1.9347452353,2.9455459888,2.9861174505,0.0678964014,514
2.3403339594,3.6965582922,2.3937297909,0.2388114987,376
2.2888984936,3.3869826898,2.6163355173,0.1168497609,1056
1.872419222,3.0501772301,1.7222135104,0.0995771587,1161
2.677849632,3.8935763686,2.3500738371,0.0940833785,833
1.5666849136,3.7069566387,1.9888322108,0.0561732992,2035
3.0745519912,3.8847834957,3.1229460386,0.1860161764,1148
2.6952282029,3.3447839556,1.8983787088,0.1526407703,801
2.2219875562,4.1957803566,1.8417122371,0.010772538,4310
2.1417249973,3.8613534012,1.8569883783,0.0292962603,2292
1.3878596953,2.87680766,2.0712541374,0.022043283,1939
1.9334060984,2.8108531839,1.8748365001,0.0939820207,1502
2.3835398117,3.794302857,3.0675830444,0.0512237829,2615
2.4386401402,4.2002445722,2.1050055747,0.0341255247,5958
1.6198624488,3.9099479044,1.8453845304,0.0038889097,3422
1.764018209,3.9388583772,2.0280174451,0.0240991388,3420
2.4544078413,2.9685163133,2.0853230264,0.232229898,333
1.9751448305,2.2278181532,2.07092002,0.1545556764,451
2.4773256902,3.5704122408,3.059878995,0.1564910629,235
2.3537596625,3.3122526942,2.4095827721,0.1930057949,496
2.1312978509,3.6008019123,2.382115497,0.0598535304,2362
2.1103096806,2.5910936096,2.6345090119,0.1524069989,137
2.3994445446,3.609968345,2.5957552737,0.1069950999,480
1.5060382958,2.2010468999,1.3141364896,0.2108423003,303
1.9221633846,3.1896936955,3.0035539844,0.0813813444,902
1.9110647412,2.1343326006,1.7978859403,0.1377319925,540
1.5767803177,2.2347678879,2.2785292481,0.0509205533,384
0.890474058,1.9986539056,1.2104637005,0,2359
2.0201266795,2.3308958523,2.1013938582,0,127
2.0388438247,3.318036667,3.2970151947,0,366
1.8808059304,3.2144456377,2.6504475769,0,221
2.1165265628,2.9470576496,1.873671312,0,669
1.3970904678,3.2396449854,1.7916002564,0.0268028222,5605
1.6489319785,3.5276574474,1.7923113813,0.0313091281,1594
2.045002102,3.4900443455,2.0122108227,0.0598088161,1491
1.9998783533,3.1482719045,1.9553158834,0.0442392235,688
1.1168774218,2.6658856665,1.4816575052,0.02956767,1495
1.6002117826,3.5494820985,2.9573098817,0.0369356069,1043
1.4207921776,2.9111142832,2.0227596015,0.0335168085,604
2.3781888595,3.5245186355,3.0049089069,0.0680103064,533
1.9887400787,3.8129156943,2.1343161348,0.0654207944,1600
1.6623192501,3.2759464082,2.963144703,0.0170021105,692
1.6385163559,3.0104888049,2.4372917437,0,268
1.5170772119,1.5935953636,1.5203518742,0.1168497609,527
2.2504329387,2.8964034079,3.2230443711,0.4118393962,175
2.5363361323,3.0509801945,3.0351155571,0.3620512517,156
2.0320079249,2.7728510137,2.3529488177,0.120681014,294
1.2598041179,3.0101087554,1.768165154,0,1977
2.0938925633,2.370504695,2.4147192772,0.3372900666,70
2.0544723596,2.4162015358,1.9796354729,0.1235307101,253
2.1868714222,2.5878568525,2.4632046015,0.2580186687,72
2.6439354903,2.761678817,2.665948568,0.4199210974,131
2.4080978168,4.3756637483,2.1455267847,0.0806574066,2600
2.8088545653,3.6729689522,1.9668603863,0.0468504665,4297
2.3336043104,3.6267122006,1.8115119722,0.0512279072,697
2.9322096039,3.7477785646,2.9862589593,0.4230488157,107
2.8307273853,4.2166781403,3.2022235505,0.1294977264,809
2.3157084698,3.3592929291,3.0533786021,0,144
1.6266068569,1.5072464678,1.456792736,0.512709142,80
2.4549281735,3.0975530006,2.9486228234,0.1239498677,182
2.4247037927,3.3308814189,2.5443226617,0.0885647516,425
2.1536175733,3.5318343015,2.2186044874,0.0460936556,2766
2.147048909,3.6527383366,2.2063776917,0.064288283,1608
2.58912865,3.7608383096,3.1728017478,0.1199641249,1386
1.2228482216,3.5119901183,1.8815341981,0.0196477009,2721
2.4119486348,3.6687444206,2.2832470261,0,790
2.4702194221,3.3977992481,3.3147962099,0,150
2.5629958239,3.5728199998,2.2188547591,0,527
2.9439690805,4.016941217,3.0619490983,0,1627
0.9450435548,2.9200967059,1.3810019933,0,5076
2.3370759846,3.8393358176,2.3721467775,0.1068934611,2595
2.2497181405,4.139207538,2.2957185557,0.0313804505,2220
1.8701007133,2.2468193091,1.6413923788,0.161721231,636
2.6035600191,3.8530738068,2.8236952416,0.2146887357,518
2.6416263982,3.8232291179,2.7066546004,0.0231424533,464
2.3717619572,3.4979354377,3.5637789704,0.1888821089,198
1.4903364813,3.17033851,2.2056506074,0,1245
2.3379378762,3.37140112,2.3223843984,0,420
1.6940876949,3.3463847225,2.6467459649,0.1046422504,1895
1.8917283483,3.9249970305,2.0442632341,0.0271874639,5872
2.449894605,3.4121776559,1.9224753233,0.2000195644,280
2.449147311,3.6279118564,2.7145526252,0.0691488719,637
1.4481962856,3.2160994458,1.9043141422,0.0218227753,1935
2.2208113071,2.931221781,1.966148171,0.0833167038,496
2.6416345135,3.7246130652,2.8200809872,0.2128588718,597
2.014501692,3.5566398216,2.0611092184,0.0556223658,2218
2.6135864547,2.6851128436,2.4259881192,0.3173238998,108
2.2190323973,3.2805282221,2.9873238928,0,221
1.9745935574,3.3318948359,2.8383330602,0.0533614339,701
1.9639336744,3.7050858002,2.2385880936,0.0401304843,1904
1.9879091623,3.7703188571,1.7572305128,0.0127138176,5360
1.8273765657,3.7979741373,1.6538622995,0.0455452547,1131
1.3784751075,2.4880503557,1.5639745012,0,591
1.6577222544,3.302726993,2.2776480323,0,902
1.5809207443,2.7020413512,1.7923508373,0.1005308777,345
2.4769368149,3.5185054844,3.2898368815,0,307
1.3733587685,3.3773288426,2.2463798536,0.0743565043,944
1.7185336862,3.3186954356,1.7219780353,0.0214050968,1942
1.4580719626,2.9979205495,2.133794242,0.0865042141,568
1.602215501,2.8511080253,2.6883646919,0.102891739,455
2.031348914,2.9458117558,2.7408351169,0.0561448511,657
2.0263992801,3.5256432344,2.4929279209,0,977
2.2651812273,3.5002321197,2.516465295,0,554
1.775649783,2.430448349,1.926996013,0,520
1.7497495998,3.2949073153,2.8306126285,0,571
0.9737622163,3.0551977422,1.5449080241,0,5798
2.452876604,2.9598652178,2.580452855,0,197
1.572997769,3.2970225741,2.1420122598,0,2018
1.8232667663,3.4372595245,1.8381715658,0.0458806817,7457
2.1563886714,2.5117113358,1.9588051298,0.1858477367,563
2.4262731433,2.9206258302,2.4285468923,0.0950172457,268
2.0520297166,3.7386903424,2.2379551177,0.0552971964,4450
2.0423946897,3.3054509949,2.0803678367,0.0216751094,987
1.3823330161,3.3450481444,2.1107554683,0.0372355022,3586
2.4856012859,3.7188110037,3.0308618838,0.0653509293,829
2.5192650206,4.1146043946,2.4090504032,0.0655556056,3350
2.4989475641,3.760677214,2.6214061039,0.1332355844,1300
2.9366886957,4.1704005073,2.6298844599,0.1160178777,1944
2.8305012499,3.7056942894,2.4159366184,0.2187537458,804
2.7656016247,3.5853748105,3.1255107863,0.1152876716,493
1.9459085063,3.4665294991,2.6520196055,0,720
2.285785687,3.3682867561,2.1806773273,0,996
2.0379329782,3.2132646646,2.9788084056,0,302
1.2837913432,1.467734743,1.4371351112,0.0584274556,314
2.6598552657,3.3494937045,2.918679664,0.1537421803,119
2.6801795456,2.5609639707,2.3727177022,0.5522436412,163
2.7056351217,2.7305155352,2.4127625869,0.2713895875,179
2.6835428469,3.4032965616,2.9762197437,0.1792560669,282
1.7625458303,2.735824395,2.4786924518,0.1293491088,904
1.7322734939,3.4564881825,1.4749459156,0.0320430626,4852
2.3533309435,2.889209437,3.0148953759,0.1863496839,202
2.1382141043,2.9898712568,3.2044166054,0.1388723773,346
1.9181414856,3.9245880072,2.2797599934,0.0526423609,6757
2.4103210995,3.1352632896,2.3205617917,0.1195477095,1284
2.1055821796,3.2240109623,2.6997933118,0.1418448726,1031
2.5908586037,2.9447690793,3.2044308264,0.3717776953,250
2.5202154114,2.8067955423,3.0307424759,0.2784097814,256
2.5115758167,3.3686975099,3.3592151951,0.061161775,869
2.1896382364,3.0197545762,2.847180543,0.1954005767,641
1.7216798219,3.1468825029,1.9205148361,0.0209041142,2047
1.933547178,3.3288754307,2.815245327,0,916
2.0187735378,3.1427196937,3.0886664656,0,635
2.1111945038,2.6513411404,2.9742298357,0,188
2.6583501968,3.3769781016,2.4043593602,0,636
2.3859386068,2.7705473123,2.9889442176,0,288
2.3574156444,2.6334296436,2.7089647085,0,217
2.4800334463,3.047631662,3.2917708017,0.2897588102,318
1.9976091776,3.0880984163,2.6852860378,0.0859949043,847
2.2703100708,3.427754167,2.6389348818,0.0848109813,1531
1.5025718166,3.5522451166,1.6786900885,0,1433
2.2813848618,2.928862884,3.2181021217,0,223
2.3774104699,2.8823798496,2.8021823076,0.1145588992,643
2.3940876857,3.5570071653,2.8065564376,0.0823728148,1175
2.2592191242,3.668706639,2.5327830805,0.0255403921,1589
1.9985586271,3.3728442343,2.3141038571,0.0991064829,1112
1.2080637761,3.4580260942,2.2452916542,0.0098645537,4755
2.7392465755,3.5732114759,3.4286603996,0.2379771513,555
1.599094361,3.1225015251,2.04571929,0.0339267381,4007
2.1095762201,3.964914968,2.5230111641,0.0677121836,3965
1.8026118671,3.8526752588,2.7426013133,0.0519926274,4177
2.9775708925,2.9835618326,3.0880640472,0.5113104264,250
1.9237532182,3.45709238,2.7236614386,0,895
1.9928974432,3.329357851,2.8065695769,0.0170722795,1299
1.3558245854,3.1744265972,1.9607808665,0.044029786,1711
1.9928086959,3.5891428272,2.7544177599,0,858
1.633816048,3.2190286869,1.7382363216,0.0222651548,5558
2.3897745327,3.4729009733,2.451749744,0.1285289438,752
1.7909071461,2.7828683806,1.5226891167,0.0290616698,2739
1.9039596978,2.5158150923,2.8176876431,0,164
1.990752524,2.2952506216,2.1341097735,0.0920939328,816
2.4629022543,3.1206068486,3.1310374518,0.0282624091,409
1.711978431,2.9101732382,2.4198732606,0.0799195851,616
1.3437265751,1.4460699352,1.16150532,0.0187605792,582
1.8198435645,2.2894851231,1.3850183831,0.0226588714,934
2.7411098871,3.8469284457,1.9635930832,0.0435183081,4247
1.4786292767,2.8512509819,1.1595825494,0.024144964,5517
1.9189428926,2.1480594914,1.677097756,0.0900165702,761
2.5400635312,3.8187287892,2.7558931732,0.0100645557,2316
2.1653848224,3.6922117046,1.9261808078,0.0061389981,2047
2.7036340176,4.0386877879,2.2402386452,0,1668
2.4273673556,2.6775930443,1.3592837409,0,956
2.3497901196,2.9011732133,2.2705160877,0,606
2.6081348849,3.1620930053,3.0014262474,0,353
2.0540798092,3.1263266937,3.1474626085,0,173
2.0893717076,3.6696110333,2.5168121772,0.0512830244,1921
2.3489687097,3.8171846848,3.2485504489,0.066561037,1553
1.6497139572,3.2396928524,2.2659532025,0,832
2.0957536715,3.444707106,1.7852509227,0.0289832741,3024
2.4809818522,3.3951341756,3.1576180543,0.1603287259,314
2.2034054887,3.0393238694,2.8968927958,0.0682010701,741
2.3630324999,3.5678907529,3.2276322999,0.1641193364,512
2.0914940597,3.2907320061,2.6326387294,0.0644063856,1078
2.0980122579,3.2650801937,1.9094450519,0.0266389803,9037
2.8310185452,3.1874391169,2.3445472317,0.0829533743,1207
2.2095970962,3.1456905852,2.7701147528,0,455
1.5851601705,2.6499451062,2.281136006,0.0963332245,647
2.2357499437,3.5060185613,2.5984920049,0.0999893789,871
1.7426426583,3.0340936281,2.3950773964,0.0373068278,2548
2.3289606846,3.5970277207,3.1721972505,0.1159329752,546
1.5507754947,3.1775221243,1.9960579417,0.0276725226,1478
1.4073412316,2.6270504841,1.8694361697,0.0625916975,2915
1.9063479459,3.245228098,2.6084532156,0.0461924401,1178
2.1294141637,3.2990998288,2.9126444232,0.0956503805,499
2.2408145297,2.7079300356,2.693080326,0,115
2.2682572206,3.7501627082,2.8884323857,0.057183049,2460
2.9239366203,3.765116262,2.538436474,0.0617224454,2140
2.266712459,3.3494904075,2.8240203632,0.2132471803,789
2.4943284165,3.6647536008,3.2138119778,0.0110141751,1101
2.490101021,3.2775601592,1.9734833045,0.0563213765,2794
2.9898310998,3.6398233883,2.463072884,0.1170529569,1329
2.4462791464,3.5594795573,3.2029215467,0.039966611,969
2.8848742577,3.89115442,2.7490926685,0.0433852183,1307
1.960167013,2.240460386,2.0931435255,0,137
1.5241718605,3.2047753355,2.1024058995,0.0216409605,3884
1.6380436113,3.2413743849,2.4412607907,0.0713050042,1537
1.959359688,3.3861508581,2.0827760458,0.0247227113,1661
2.4198450647,3.5689975248,2.6363043592,0,816
2.1725674088,3.0425595466,2.61727884,0,360
2.1903920296,3.7150048098,2.4793204867,0,1583
2.6004114099,3.8852331556,3.0645351477,0.0132057983,1808
2.8806820189,3.128851589,2.5718443512,0,296
2.2546316399,3.1316275705,3.0231099389,0,83
2.7096857761,3.9898999063,3.1442303898,0.1234472496,1212
2.5816226679,3.9434179317,2.5300759097,0.0583751887,2888
1.7699257025,3.6133836748,2.3429158046,0.0345115101,1431
2.4994197674,3.7971551769,2.5226743212,0.04672709,1217
2.37429147,3.739934146,2.6190446627,0.1036241663,962
2.7004933558,3.5848536363,2.7045141454,0.0652514014,922
2.3146167605,3.2128879327,1.748561472,0.0308637769,1919
1.5814627431,1.8370382348,1.4377801671,0,400
2.447251594,2.7389964135,2.7623311985,0.2580186687,136
2.2840433227,2.6386661993,3.3094723971,0.140327271,155
2.2526099496,3.39589518,2.7090005391,0.2557123051,321
2.370479136,3.2938883136,2.6512865025,0.1259254263,1516
2.5160089376,3.3632216171,2.6508215446,0.0835636894,1093
2.0113960433,3.1436437169,2.5546028681,0,224
2.1711519877,3.6498590196,2.5215050272,0.0442994573,2103
2.2579920998,3.6250228818,2.9470230769,0.0316919051,665
2.1337048694,3.8755077,2.9004434709,0.0946220436,1566
2.38892984,3.4888442561,3.3165082333,0.2534662834,517
2.7026953381,4.2122139977,1.9031404908,0.0653741997,4675
2.7478715399,3.9620077036,3.0220922059,0.0557362963,2067
1.197415027,2.7169427872,1.3854436156,0.0785921577,2006
2.466144938,3.8052441903,2.6724706199,0.0390127799,1009
1.773935706,3.5560804149,2.2398493895,0.0132433102,3432
2.5025699205,3.314614888,2.0297783733,0.0431273413,1285
2.5876957663,3.5062295052,2.0275861294,0.069325651,1348
2.1540742905,2.7677752543,1.992493573,0,595
1.9169452988,3.347277523,2.2192980149,0.1401894583,849
2.0521817958,3.0464307233,2.3627364495,0.0289704773,390
1.3511717148,1.7644860481,1.4296522736,0.053226677,721
2.6501729199,3.3403022869,2.2230773269,0.0897727807,1064
2.8331612388,4.2357443525,2.6320275858,0.1367259896,1480
2.8403573267,3.9925491273,2.4833237106,0.0648369392,1861
2.8042450036,3.3706355468,2.9755616816,0.113970208,172
2.4986687009,3.843499622,2.7601266641,0.0279557126,758
1.933373632,3.1896265149,1.9816027552,0.0381018904,3505
2.2201068182,3.0315050966,2.3995794486,0.152305344,599
2.691850036,4.0099079479,2.0756535218,0.0396859447,2366
2.91993813,3.7068375053,2.7559117227,0.1859933838,990
2.0028081251,3.3967643537,1.9691511259,0.0252878528,6827
2.3858008617,3.9323460809,1.6725047156,0.0339875729,5121
2.9668896616,4.2363426412,2.3477473494,0.0462420036,2406
2.3437118934,3.8390543207,2.8432120013,0,286
3.1183859314,4.4986841662,3.22063935,0.0567551128,629
3.1339823559,3.9780711708,2.3662913335,0.0899816551,551
1.3223001674,2.7243766495,1.7217599935,0.0155323814,2842
2.8658471677,4.3483838666,2.5783668178,0.0515092957,3353
1.8349271347,3.0796602895,1.5573982208,0.0571949835,2837
1.6229783727,2.9618058211,1.5650708481,0.0319165357,5672
2.010116114,3.2638961966,2.3947387498,0.0945457817,1320
2.2073200841,3.354013954,2.3410406688,0.0996510168,953
2.470903745,3.9417796339,2.0409475294,0.0073853515,3319
2.6988601674,3.7048697393,2.0501430334,0.0573798783,651
1.7130210874,2.6796642232,2.3289317677,0.1259477638,402
2.3764250799,3.7337418186,2.6518420317,0.0474513249,1683
2.285287622,3.4779226598,2.5386692308,0,686
2.078742329,3.0827227318,2.0327475357,0.1664897856,512
2.1872235778,3.6186484748,2.092506519,0.0197818083,5338
2.0461471348,3.865871154,1.8411937405,0.0490437691,2598
2.5921243091,4.2263956552,2.6628824537,0.034821335,2792
2.9366101538,4.7218404892,2.6823895965,0.0522985598,8789
2.8979484098,4.5535731322,2.4457479094,0.0876436664,5084
2.9525055467,3.9483164379,2.6252400389,0,866
2.5640946058,3.7260188911,2.964634064,0.1321758596,1105
2.9911589656,4.3505826768,2.518321412,0.1060018369,2128
2.5608058718,4.2005452806,2.3365673991,0.0494988714,3661
3.4526842042,4.8557854851,2.5061548865,0.0779587499,2881
2.7878193656,4.6639271779,2.4508050275,0.0261880307,5366
2.9351760104,4.4759148016,2.6568523722,0.0237231331,2864
2.8191482392,4.0647020941,2.6375359908,0.0494759001,932
2.8520514525,3.5174293263,3.4555631275,0.0683545171,285
2.8518460107,4.2762786669,2.9616515486,0,2168
2.8659609618,4.0248389562,2.6836356603,0,1774
2.7100867771,3.2925226355,2.1612730697,0,919
2.9380415477,4.4930646009,3.0345346825,0,2914
1.9190761521,3.8398908845,2.1744415227,0,3217
3.3458227114,4.4698615426,3.096849052,0.1898716254,1275
3.457158455,4.0126080057,3.0870180208,0.232049926,792
3.4116882095,4.2709801693,2.8033613056,0.0731729113,1185
3.0521478046,4.1703401016,2.8135187642,0.0525419599,2022
2.8371724949,4.0200223384,2.4249345191,0.0209403648,2002
2.9938294952,4.6429354404,2.558135434,0.0482770232,4861
2.0498303596,4.0924999071,2.0982762116,0.0250599935,3134
2.8761021823,4.4335040084,2.4872849743,0.0466065958,2760
3.394547871,4.701083351,2.7850561536,0.0795209297,2196
3.1081006871,4.5820858977,2.319882415,0.1044570537,4455
2.6042796939,4.0160903485,2.2837420573,0.0286513588,2304
3.356175467,4.7031037762,2.9372341667,0.0224989064,1852
3.4070314594,4.9246693559,2.6525087439,0.0262601149,4965
2.7755296862,3.6710074111,2.5551782584,0.0679489216,1656
2.9874109294,4.1241272278,2.8159358505,0.072537183,738
2.915630407,3.4816211036,2.6428500274,0.1581223369,947
3.0371227365,4.4280227774,2.5868859835,0.0994026962,2185
2.3991191182,3.7322953661,2.6172012586,0.0187033181,1155
2.3151228126,3.8225621512,2.7762914143,0.0912511763,2016
2.5112625179,4.5113610528,2.5649336968,0.0145013839,6118
2.9464673971,4.1925300068,2.030994506,0.0665862101,6339
3.3385841747,5.1270736938,2.7123424615,0.0465389912,12233
3.1034262241,5.0818096956,2.8821390102,0.0527372163,9393
2.9650994131,4.5474152918,2.7245568075,0.0668214563,2665
2.3294837442,3.7614841392,2.0974710879,0.0253331343,6794
2.558776416,4.1338411024,2.9983560613,0.1217495434,1489
2.8917707466,4.4659940715,2.7542156007,0.0633904496,3942
3.1323712131,4.818133755,2.8355532623,0.0599708464,9897
3.1080722473,4.7166541576,2.569706517,0.0538071697,8517
2.7530040605,4.5750630672,2.7644230954,0.0130526406,3798
1.7969220378,4.603257683,2.0971421878,0,2177
3.1003352185,4.4613376694,3.131947699,0.0672533516,1789
2.9641181481,4.4766583127,2.6140793198,0.0220028372,7560
2.9492813287,4.6048844172,2.0148811874,0,6530
3.0621609414,4.7347465178,2.7062742267,0,5455
2.5596455408,4.2969531067,2.8446203167,0,3342
3.0020957979,4.2566839161,2.8653625293,0,1643
3.3425692732,4.7709182354,2.8506339426,0.0132672996,1810
2.7622731823,4.0020125803,2.9693336619,0.1262613592,704
2.4244861511,2.9830944092,2.0570922744,0.0601224489,631
2.6931883555,3.9490598287,3.3730975576,0.0888796957,719
1.8477436326,3.5708074732,1.9973203159,0.0460567285,3165
2.2291502441,3.6412291081,2.1240126053,0.0096343479,1240
3.1287331202,4.2888137553,2.6919833228,0.119281915,990
2.0685001017,2.9499295652,2.6461076236,0.1021580364,122
2.7522810807,4.2052371287,3.2872266524,0.0847496483,1189
2.4602470349,3.8796006459,2.5999903913,0.061328056,2240
1.6802801328,3.3142885501,2.3392621938,0.0325070123,2392
2.6988467265,4.2469001195,3.1410209184,0.1127489149,1525
2.7731500013,4.4897501434,3.3540787653,0.0785874633,1483
2.5339078224,4.1464704963,2.2202421803,0.0214203326,7300
2.5308629066,4.042516458,1.9487273162,0.0284709109,4220
2.6255946029,4.342092645,2.6033633009,0.040013285,3257
2.5742503511,4.3679311557,2.4590805971,0.0256414443,6289
2.1104949155,3.9064384524,1.8125946745,0.0115235834,7932
3.0055780778,4.2573232255,2.7699654542,0.0612669966,3581
3.0354551642,4.4837712809,2.8279582578,0.0490437691,1503
2.4585106908,4.0277467501,2.1646543093,0,1835
1.8342524466,3.4223378093,2.1516347907,0.0214719246,1934
3.1256754187,4.2559691792,2.7795055831,0.1660048643,914
3.0940541494,4.4035148005,3.1834801019,0.099700843,567
1.5811628099,3.2600987226,3.0718381474,0.036833893,804
1.41932896,2.7826062747,1.4865266898,0.0615002797,2233
1.3265746349,1.9107940655,1.4375623739,0,986
1.6092157914,3.0073941476,2.4140691417,0.042774599,863
1.1982947447,3.1173184914,1.7658082845,0.0226159768,3645
2.3336091402,4.050576799,2.710590904,0.0609075738,1995
1.6366311496,3.8246475695,1.6054394735,0.0240027138,2152
2.2080832891,4.0380076172,2.2939224393,0.069714333,1599
2.8065364805,3.8259348401,2.5084046614,0.0895164614,1765
0.9909019875,2.9902142471,0.9643197745,0,1723
1.8395808205,3.6632696442,2.2825761025,0,2388
2.9544726157,3.7886077794,2.7074273825,0,466
2.041905576,3.7516176022,2.2974276202,0,1395
1.9603842936,3.5319076907,2.0237826766,0,1624
2.683818829,4.130973043,2.143367318,0,2063
1.579065558,3.1371763147,2.4960325269,0.1085897207,1500
1.988046504,3.9447785893,1.8341884723,0.0382050182,1485
2.5153694755,3.953613591,2.3639966385,0.0305888527,1617
2.7937335196,3.9166332189,2.4659910577,0.10182803,785
2.3499440484,4.137512061,1.8088674708,0.0607510506,2584
2.2501190852,3.6743635234,2.7578445931,0.0873787017,1506
2.9828721212,4.3566869673,2.7675896713,0.139419261,3564
3.2658262326,4.4902335072,3.3227664843,0.157411263,2788
2.0276267869,2.5875488335,2.2364454661,0.0384035737,753
2.6516837035,4.3556959756,3.1449831393,0.0575022881,3349
2.801355912,4.1352359214,2.6594645458,0.1347587335,2375
2.4688081377,3.6427641744,2.3046733287,0.1328068063,1059
2.4728762281,3.5524890969,2.5031338309,0.0993531936,1696
2.673421784,4.155863126,2.6645172715,0.0209876916,2485
2.8264265893,4.1326523918,3.2274684087,0.0592618644,1183
2.4158784827,3.5109212366,3.0258366959,0.1067431914,747
2.1584758847,3.9526490417,2.1283452121,0.0187051019,9094
3.5361420735,4.9119952894,2.7438868621,0.026468482,4206
3.507588917,4.9056719053,2.7431498296,0.0308452839,5745
3.0931592752,4.5273278996,2.2305999489,0.0415623707,4453
2.6241949725,4.3037446536,2.3514375966,0.0244877727,4985
3.2192816428,4.8430177256,3.0126004188,0.0078981099,3070
2.3495863162,3.8707188532,2.5715331434,0.0506071495,1596
2.4556849869,3.6283887922,2.2198879332,0.0142609204,3145
3.4130408107,4.622899597,3.4270062577,0.0802583673,1672
2.8560353192,4.3864084131,3.1866951373,0.1228139527,1321
3.2429919649,4.5749229756,3.1863614634,0.1123229921,2419
3.3827388654,4.8531209894,2.5031145419,0.064689284,3825
2.4294526225,3.9637390551,2.3506316382,0.0645100849,2453
3.2963098576,4.6933343533,2.7714884053,0.0789407386,2804
3.2976820775,4.7020599817,3.1038471258,0.0598064009,1641
2.5840810736,4.2409591863,2.1893096142,0.1384244633,1651
3.2135381908,4.6223132325,2.7953097105,0.0385851402,3420
2.993118676,4.42230005,2.9761152196,0,1466
1.5626589498,3.2600420674,2.0381617611,0,3330
3.1831832178,4.6063642761,3.0479308657,0,3059
2.6234564769,3.6439814428,3.1691678106,0.0349730535,644
2.984046025,4.0648456134,3.1355740595,0,935
3.2849230625,4.550077217,3.2056735603,0.0691134054,983
2.8135219631,4.300477102,2.6894212963,0.041423514,2703
3.221029335,4.538429588,2.6505646491,0.0680788482,1267
2.8902628235,4.1719129281,3.1425971675,0.1499707563,789
2.7729444645,4.2892209184,2.7331828729,0.0930071208,2635
2.8368350729,4.4777381821,2.7852043432,0.0291313885,1695
2.6637090234,3.797771475,2.9192499468,0.1409743377,1221
2.9152795454,4.1280569513,3.0714704737,0.159544746,1313
3.3108091617,4.7705346964,2.6165991797,0.0844755794,3918
2.7415659882,3.5274345665,1.8624687049,0.1403526116,1656
2.6139269788,4.3723300961,2.3541937448,0.0245417132,9138
3.1661612391,4.6636045644,2.5340821281,0.0191487593,4963
2.4866442093,4.0244874864,1.536196304,0,4067
2.5323657515,4.4594558904,2.1757333565,0,1966
3.2435377085,4.3869903896,2.6258233856,0.0240563169,1725
2.6587194432,4.3273903115,2.1160214976,0.0234025962,3856
2.2014079826,4.0353699708,2.4696587872,0.0325256374,3023
2.9978750348,4.4895849567,2.9981786964,0.0775057391,1688
2.1602850995,3.7913098716,2.1085871664,0.0557052574,3932
2.3007986245,3.9293165665,2.1193560294,0.0147248787,1516
2.7685116429,4.0557621028,3.5606739918,0.1304621027,1229
2.1950701309,4.0845520612,2.0703827005,0.0141773646,3160
3.4056927757,4.1872820546,2.396899828,0.0694340282,1256
2.8505499398,4.4679650132,2.3636492831,0.0957545493,2088
2.2896182651,3.9185054316,3.0568954119,0.0127789866,900
2.8379260801,4.3841262773,2.9749797365,0.07709165,872
1.6781559118,3.7115039699,2.0703953348,0.0530903799,3224
2.495618334,4.0988081203,2.497676589,0.0312638106,8749
2.2041109067,3.8055528003,2.196946678,0.0459507781,4394
1.7863786755,3.6161466015,1.9725286006,0.105155942,2754
2.4149629592,4.5718387345,2.6881152944,0.0777209462,3159
2.0008352011,3.7572831533,1.5739880535,0,2746
3.407797554,4.9592068643,3.2049672548,0.0473679978,4081
3.3359518263,4.7522660696,2.7773060293,0,3574
2.4607633692,3.7993591075,2.2506049246,0,3995
2.8969173577,4.4789088742,1.9025423635,0,6430
3.1909884416,4.6227567597,3.3169190045,0.0119466929,2026
1.92632377,3.867956953,2.0290381944,0,6697
2.9801846436,4.0659064333,2.1858144209,0.1555340507,1450
3.2467747498,4.9319305357,2.3092660002,0.0110280663,4201
2.8599054677,4.2423647453,2.4980700126,0.0417207804,2263
1.5787816456,3.4617175238,1.6496947537,0.0043068271,3022
2.9401550968,4.5594160121,2.4690517304,0.0357371561,3733
2.9356655345,4.4633675485,2.068300676,0.0415918768,4276
2.8501075812,3.8746538547,2.9367332943,0.0583181129,478
1.9093708173,3.2876038816,1.855333166,0.0417981918,3133
3.1834896936,4.3826283077,3.2684282198,0.0494605987,1135
2.7445443756,4.291524462,3.0661460853,0.1148177092,1947
3.1825721285,4.4478677368,3.2516077698,0.14677931,3082
2.8822747506,4.3375400123,2.6579369221,0.040795705,4345
3.3287727341,4.793493121,2.8209379906,0.113006169,2412
2.9337355113,3.9052730048,2.6499002131,0.0928942192,1137
2.7845195824,4.0896680739,2.4772793879,0.0421550485,2673
3.4678310087,4.5603939752,3.4481477542,0.1128154901,858
2.705648838,4.1929653767,2.792420562,0.0747844086,991
3.0312520951,4.4276559302,3.1435589301,0.0703961984,3329
2.9035420636,4.1823876347,3.234926911,0.0739300333,1143
3.2653922277,4.744013658,2.9593916316,0.1001829911,2267
2.3858591116,4.1033219439,1.9626796985,0.0812656953,4815
2.9005463218,4.3955918192,3.0687738658,0.1517385795,1659
3.200172095,4.5420455327,3.0870990741,0.0368745063,1800
3.0739818996,4.6012891161,3.3622448354,0.0186748272,585
2.5838955122,4.4087074142,3.2103409028,0,1797
2.9259479842,4.5229241527,2.8380325521,0.029314097,4061
2.4329314177,3.9656980252,2.0432001597,0.0426908621,1769
2.8453637,3.7010906008,2.4342340272,0.0535392181,5890
2.5271089842,3.8064782558,2.9219728227,0.1543222874,633
2.6950061265,3.4721052906,2.5894820574,0.0934887114,1688
2.7618027978,3.4516838937,2.6439071036,0.0530926521,689
2.8857337779,3.862510998,2.3747592033,0.1833140856,819
2.7069983586,4.161133099,2.8996384121,0,971
2.5406139692,3.779486004,2.864584061,0,868
1.9817950902,3.614478807,2.5814645647,0,1450
2.7405829007,3.5747393851,2.9997386234,0.0298720902,695
2.0152267928,3.3453333988,2.6333510102,0,1963
2.5376193474,2.9303660339,2.187447633,0,2451
3.0576888222,4.197861038,3.0439616458,0.1278831951,1034
2.180532886,3.4442839647,2.8656092566,0.0602392395,1765
2.0849760319,3.9290321919,2.9222128987,0.0533614339,2973
2.7085373137,4.1846712428,3.0865985667,0.0266440441,2637
1.9341525645,2.5311349522,1.5817271592,0.051031109,3009
2.3770289642,3.3650961266,1.7581490638,0.0219525024,1912
2.7062399625,4.373908365,2.5532607051,0.0948686248,1604
2.9209997673,4.2910246942,2.9156272191,0.0901214925,1103
2.3935804746,4.1270168939,2.1636864608,0.0573749189,7053
2.5541145766,4.1917508603,2.4196219572,0.0942698652,4834
2.9225053158,4.2577056248,3.3151475593,0.0669367406,1779
2.4413970418,3.9679944804,2.1958685544,0.0490888733,1853
1.9099377946,3.3718164614,1.8306033433,0.0260222052,5014
2.4934205256,3.8289890597,2.3808622401,0.0162636046,2712
2.1490447119,4.1138984342,2.0906858214,0.0384619042,3958
2.4151442129,3.9367305931,2.0788607065,0.0096798253,4836
1.9462709859,3.8529042684,1.6898945134,0.0476055155,3649
2.4228242925,3.4918370456,3.1429775066,0.1408815,432
2.5579187473,3.8584109522,2.8739609415,0.0251177405,1647
2.5973297807,4.3376057373,2.7811201184,0.0382557675,6736
2.4554089687,3.5497618661,1.8247903626,0.0507987217,1460
2.8566350846,4.7017710863,2.3593229202,0.0165826146,3912
2.8689021207,4.5198309698,2.6046435708,0.0236263828,5142
2.8199870883,4.077550912,2.0328223271,0.0469494582,2341
2.474392696,4.1240022793,2.6544550435,0.0283820545,3870
2.6453958944,3.7970102719,2.0861598248,0.0615570797,2274
3.0748882826,4.4564180123,2.7936622072,0.0629710402,2224
1.9450294749,3.4026924064,1.8543024869,0.0384709937,3917
2.1018344312,3.0138563601,2.855881899,0.1048552288,596
2.8737390276,3.7630594613,2.8782410225,0.0937168644,860
2.3151192375,2.5680726575,2.0178668738,0.2147144106,605
1.9867484184,3.4988127238,2.4983318238,0.0694577143,1118
3.0285291384,3.9335328395,2.6975422155,0,1654
2.3855006202,3.5910755593,2.6223900115,0,546
2.0293368559,3.245515331,2.9463986957,0,409
2.7749253971,3.9823018816,3.2279911475,0,1632
1.736526366,3.688190671,1.8182609652,0,3364
2.7476878387,4.0991874734,2.8764858111,0,1849
3.0523168449,4.1391550803,2.9342153297,0.1091580165,2818
1.6626193837,2.6088850305,2.1693907383,0.0461068478,2560
2.1202227674,3.3293180547,3.3979769401,0,589
2.6446001205,3.6032432982,2.730203955,0.0382050182,1496
1.9583797941,3.6253949096,2.4884993384,0.053234469,3552
3.0691220437,4.1100533373,2.8758561877,0.0689687246,2709
2.0755438474,2.6934985806,1.4962270054,0.0250310087,3280
2.3248298613,3.7894615911,2.1248473666,0.0576688019,6615
2.5736946686,3.8333461781,2.3825052723,0.0503114037,6372
2.668572877,4.2820036167,2.1527135349,0.0350437918,7268
2.4843156557,4.2526627082,2.2729137834,0.0463069842,4238
3.0156215648,4.4467516126,2.3868016898,0.0865255776,3353
2.0105339757,3.5364413194,2.1863431889,0.0557934507,4119
2.3901581318,3.8862060013,2.5108149727,0.0683874958,3490
2.4848159318,4.1036259261,2.2359693754,0.0714575735,1287
3.2689054413,4.1816754087,3.0020235898,0.0789084633,1254
2.8696788248,4.1584178384,2.8671451487,0.1584582329,592
2.745991977,3.914763413,2.9675991804,0.1121547456,786
2.6094447747,3.9155545307,2.426455919,0.0249361206,2480
3.0009901004,4.8036922006,2.1299680877,0.0218376602,7625
3.2618775656,4.9370041127,2.3699213043,0.0545474327,4507
3.3729419209,4.4187728904,2.6078318274,0.045139669,4046
2.9384929537,4.0828329785,3.4040957098,0.1151510192,803
1.5651513749,3.3237651407,2.3826712053,0.0273127363,5138
2.401443851,2.8529686764,2.5633586411,0.0744378539,2589
2.4157369204,3.8459273099,2.0603558588,0.0413915415,8639
2.3838019124,3.6993820962,3.4134111561,0.0995515267,549
2.6408501441,3.3860710302,2.6405972768,0.0503176129,1433
3.186347484,4.556672515,3.4008626604,0.1250257749,1778
2.3824215402,3.0991861089,3.5464111339,0.1618935684,333
2.2871840314,3.7056105395,2.170460731,0.0237289909,4341
2.6197279484,3.9807574636,2.9215502889,0.0319474862,2483
2.4307983489,3.693135799,2.6099100647,0,1959
2.3392832098,3.3195685762,2.5801081076,0,1354
2.5202847294,3.4820097721,3.4392716381,0.0329316885,629
2.4017585041,3.2093326009,3.2412568343,0,305
1.9083719905,3.4937662112,2.387691084,0,2255
1.8598588068,3.4528598101,2.678187194,0,704
2.459518205,4.0110581115,2.8793519647,0.0741101925,3113
2.8583149849,4.452457209,2.3972091651,0.0268200157,8945
2.9798460875,4.4745694859,3.2298764383,0.0255589124,2384
2.1567838513,3.8801697111,2.5470261151,0.0197946825,1091
2.5063165993,3.7987516546,3.1269541617,0.0976634191,1420
2.970184481,4.3501080555,3.2941659491,0.0516230153,1083
2.8534869715,4.3228316769,2.9373346235,0.0709989466,2809
2.5375733438,4.1352011337,2.5283560743,0.0134085157,4996
1.878923457,3.3874726002,2.1360294046,0.0322303552,3321
2.5343262548,3.4536124282,2.3398583058,0.047609841,2679
1.7954186086,3.5165960729,2.312108422,0.05992647,2339
2.7184720334,3.8953902963,2.8199239108,0.0337672508,619
2.4089569511,4.0745017218,2.4142706409,0.0945756719,4197
2.4341792747,4.1578967056,2.5626503041,0.0563240758,4017
2.380710597,3.6310243593,2.6873996676,0.1416557425,1508
2.8546799132,3.5124900554,3.2963144455,0.2522384715,894
2.3057582571,3.5511445839,3.2913225825,0.1187742433,1161
2.322343919,3.1376375178,3.7674827504,0.0204620258,561
2.3964892612,3.4973827435,2.9771337361,0.0728667916,1875
1.334465131,1.5727697537,1.2141405755,0.0277551744,5014
1.5234295076,3.4594864942,2.2372738173,0.041692965,3561
2.4346326823,4.0905544158,2.4690611252,0.0678790911,2112
2.1549960401,2.8462848673,3.1438280447,0.0478908934,798
2.3881349497,4.3278565419,2.5683822412,0.0085354675,2834
2.4122298459,4.0300068894,2.4133547453,0,751
2.377381376,3.5496688816,2.1725095731,0.0550740737,1278
1.3030129543,3.6900312891,1.8606015861,0,3419
1.4993369215,3.4426113053,1.6654229346,0,2213
2.2023944907,2.9895092284,2.422651895,0,653
1.7683285436,3.5028126452,2.4426066195,0.0656016834,1194
2.4173458856,3.7799815894,3.4131368001,0,671
1.9526083665,3.2563457879,2.095905853,0.0624160548,2740
2.1533209728,3.5261565612,2.2381891729,0,1833
2.3122892594,3.7992294495,2.0066741998,0,5780
2.6163599768,4.4795370893,1.9967994699,0,5264
2.5282619336,3.8051964897,2.6625041773,0,1366
2.536843946,3.7602674986,2.9613701952,0,670
2.2708354887,3.5667889964,1.8054370625,0.0155227838,4217
2.1218911409,3.0849577717,1.9192245782,0.1303843175,1098
2.6646909104,4.0740630115,2.3971027799,0.0434719165,3817
2.8949166142,4.296684739,2.5501722978,0.0784650393,1693
2.6422345621,4.4581240648,2.4262974695,0.0340388554,5109
2.2636647827,3.9700000909,2.8042210881,0.0225200956,1880
2.6652442916,4.4946130659,2.0910220504,0.0271188989,4411
2.8667373223,4.2698937646,2.89674737,0.0088867391,1343
1.2616388395,2.5537312776,1.1902689998,0,3474
2.2619842772,3.7112675494,2.8323122374,0.0928755685,1331
1.8969259474,3.8993667971,2.0195795881,0.0294800815,5725
2.3636480429,3.9944765726,2.6942610132,0.0642362828,2958
2.8477044565,4.6036438287,2.5465851904,0.0514672158,11371
3.2039012681,4.903671439,2.4205478714,0.0498261154,10409
2.2776066347,3.2613115549,2.9396206611,0,332
1.7933629648,3.4712509822,2.2424188127,0.030106982,1330
3.0515324451,3.906937861,3.2825485979,0.0883396289,1116
2.6597284786,4.0595231324,2.4521033825,0.0488661045,4449
2.1209975047,3.354515644,1.9272622425,0.0183880418,2369
2.0341919916,3.612584435,2.4847830475,0.0673926806,1643
2.7788701108,4.1554176408,2.98146159,0.0322303552,1220
2.7390036939,4.2210808832,3.2045865019,0.0400756996,1422
3.1389338358,4.2239745924,2.5764606642,0.0692515521,1486
2.9950538469,4.2567651696,3.1951087815,0.101247045,959
2.7876582856,3.6105160342,2.6112772803,0.0232554536,938
1.975720782,3.3205866593,2.0541552286,0.034096031,2534
2.17170667,3.6943689899,2.1754413243,0.0546590048,4506
2.3751713984,4.0342752383,1.8919880388,0.028537004,5910
2.6724652137,4.3080046255,2.3881716739,0.038606048,2174
1.5533239898,2.6429784976,1.4627148019,0.012682537,2704
2.1922440402,3.6913256351,2.1787198234,0.0142369406,3159
2.5157629713,3.4950531981,3.1565599697,0.0983621792,948
2.4744838335,3.6906318084,2.5865167904,0.0484325173,1499
2.1931694231,3.5765031399,3.1207460985,0,578
2.3478737138,3.6080522099,2.4565626197,0.0380086554,542
2.5212356986,3.3302269174,2.9866153478,0,223
2.3859984201,3.1246470107,2.1995411455,0,808
2.4655889936,3.4786633402,2.8422059392,0,409
2.2810231971,3.6877319375,2.8232430685,0.0570396314,926
2.5309171639,3.8521400074,2.8178157577,0.0568944017,1552
2.4888575644,3.3722979235,3.354547475,0.1588656259,290
2.2582908141,3.2854062553,2.8072360813,0.1052953673,330
2.6572065376,3.4172684273,2.5046212057,0.0453670174,854
1.9771554433,3.3441675519,3.0812819216,0.0667796411,506
2.3479184799,3.4012554492,2.9891986546,0.1052953673,300
2.0278711125,3.2648728276,2.5689226312,0.221065222,466
1.8402382614,3.3821963253,2.6302705559,0.040593365,946
2.1636908457,3.3287048117,2.6840572903,0.0506775168,744
2.4165987197,3.6387723054,3.1861894555,0.0744952156,935
2.3839137668,3.6144520404,2.8162471406,0.1302760513,1977
2.4491212313,3.6106550568,2.1909912339,0.0760035006,3231
2.3439471864,3.6188097394,2.6041250041,0.0645385397,1332
2.0392583709,2.1470928857,1.8677229658,0.1350362028,135
2.3214437456,3.228617455,2.8889295453,0,154
2.5635707253,3.0684772409,2.4286793113,0.0832038196,1318
2.5675335669,3.447008879,2.7714221583,0.1134721862,520
1.7943316918,3.1371165745,2.3482719393,0.0713768511,475
1.8784982398,3.1490768046,2.2105010779,0.0376542293,1019
2.2540435496,3.4872586639,2.4281180262,0,788
1.9745189526,3.4454220784,1.9144950826,0.0558753105,3370
2.0200263853,3.2790927999,1.6565257999,0.0500153437,3267
2.1988085579,3.4663380353,2.5734356516,0.0905938258,1546
1.6649224931,3.6396385658,1.8696930154,0.0047591187,2705
2.4060429711,4.0004635016,2.8785552474,0.0797160092,1984
1.5011039744,2.7225418018,2.0274835779,0.0116315418,1005
2.4299769495,3.6442763026,2.5775724711,0.0462916817,428
2.5942530552,3.6436582483,3.4045937874,0.3255504644,270
2.3594515816,3.02199234,2.8641457606,0.3083718065,277
1.2917415373,2.7620592543,2.1493801055,0.0507301292,596
1.7798971118,3.2536405471,2.5582774505,0.0846272708,1717
1.5793673687,3.6511882661,1.6865041711,0.0928712084,1038
2.0829040774,3.2585351008,2.8932843636,0,539
2.895103555,3.9460110266,2.7705343817,0,1502
1.4321204,3.7240877821,1.6670879283,0,2691
2.4835301197,3.6125186851,2.6838152572,0,572
1.6555032025,3.0589360244,2.1982574221,0,3702
1.2922460987,2.8500241468,1.5540075867,0,5678
2.5991371234,4.0395801763,2.8253016484,0.1418501795,1127
2.8191337881,3.8851806167,2.5918630126,0.0871501434,1682
1.8024281348,3.6767032729,1.6240786344,0.0267457544,3411
2.3559502652,3.5743846989,2.567581999,0.1256232103,652
1.1783025942,3.3964146747,1.6907918382,0.0278489817,3929
2.4657876119,4.149111462,2.7521622381,0.0131247332,1724
2.122314162,4.2118380861,2.377616023,0.0247097722,1669
2.5533029175,3.98807424,2.3297866506,0.0794663325,2128
2.1784209704,4.1079612178,2.0131627408,0.0336065075,2916
2.6465853354,4.1683806363,2.4192496724,0.016242449,5400
2.9410413305,4.4295764945,3.2338895703,0.0448961256,1631
2.1836388492,3.9198871037,2.0942726973,0.016467551,5265
3.0731198249,4.43016134,3.2248076799,0.1162999292,1143
2.5948663772,3.9331878894,2.40189914,0.0253886875,1626
3.2732356613,4.3376518475,3.1424252816,0.1961797618,1169
2.3845528842,3.486277804,3.2352051981,0.1090023818,683
2.2687822184,3.8191973668,2.6772810764,0.071546211,1397
2.1593266207,4.0426346313,2.7690317583,0.043452618,3809
2.3936262183,5.185468929,3.6237832269,0.0162986401,3343
2.7685794362,4.4872729465,2.5916723902,0.0585097536,626
2.1988748109,3.4871785598,3.1757166711,0.0534969289,1032
2.7040013385,4.1987165819,2.4114354424,0.0336046097,7836
2.8068542087,4.5129307816,2.1268373774,0.0156739599,3476
3.0061486644,4.3277807658,2.2433194992,0.0830795827,2528
2.6829843102,4.3403412272,2.6543807298,0.0551960075,1768
2.8335168492,4.5105491976,3.4161929991,0,1334
2.6497932552,3.9233196631,3.0722220677,0,513
2.6587650738,3.7942058958,3.1187103342,0.1390524323,669
2.9106894397,4.4556057465,2.8495425182,0.1180466057,631
2.5206889839,3.9027914711,3.0340281649,0.0842624288,868
2.6654332092,3.9694865168,3.1025704835,0.1053245884,520
1.8540064407,3.22911023,1.6621153433,0.0211793058,1994
1.795931893,3.3070439191,1.6229676991,0.0182718645,1219
1.4126703546,1.7456896068,1.3807350544,0.0109316014,2174
1.8157980455,3.2847416096,2.0286182144,0,2278
2.071598838,2.7244847334,2.7446705583,0,106
2.0657731106,2.5951822883,1.895368338,0,337
2.6126638349,3.9311698376,2.7640488047,0.0556815469,1601
2.7686502387,3.9252094323,2.1477575744,0.2346034925,1044
2.5722529905,3.9107741052,3.0350022447,0.0795972589,1278
2.1775333413,4.1011005446,2.8457345726,0.0742183516,889
2.5552306774,3.9672398439,2.951578962,0.0303258054,1301
2.1665386202,3.3971744581,2.5665840306,0.0156096197,1417
1.0643480564,2.3591501978,1.4871478809,0.0101571017,1173
2.7730029056,4.1007740062,2.5966865691,0.0614958261,1712
2.2602728661,3.7439689188,3.2565849982,0.0461429909,835
2.4700256713,3.4723076633,2.9204056061,0.1120784964,595
2.694932216,4.2192608061,2.9834583205,0.0559516268,1560
2.3287624159,3.5472610195,2.0496783023,0.0212962671,3916
2.2850170903,3.7819618872,1.7037989462,0.0138420132,1633
3.0413374876,4.6063335133,3.3016130151,0.0839609911,1186
2.6061757191,3.8335752926,3.0705162201,0.0965767681,695
3.2332142613,4.4503017504,3.2352780713,0.144777254,1470
2.0188297331,3.6612189817,2.1507758529,0.063448069,1903
3.0769176966,4.2164008207,2.510040445,0.0631648978,1097
2.8633946474,4.0471803847,3.2551339323,0.1097997809,715
2.7550569037,4.0139457826,3.1701642489,0.09833395,1454
1.7576493097,3.6661739121,1.6353305566,0.0391276021,1654
2.81587798,3.8011713355,3.0272483972,0.0312919644,1621
2.4911795537,3.9527917862,2.8512211039,0.0788560138,2180
1.7131402902,3.8027878378,2.198274442,0.0526355366,2553
2.8687509682,4.6118438418,3.1310859768,0.1549507359,830
2.5007722743,4.0628221262,3.0020968706,0.1285464622,489
2.2826403943,3.7361964821,2.6585915131,0.0495564002,1491
1.8632515607,3.9271633904,2.0081632347,0.0170722795,2575
2.2502047642,3.78815025,2.2432347885,0.123352017,838
3.0935917461,4.0347714095,2.8293510269,0.1627055919,1781
2.5510587721,3.579907594,2.7023832945,0.1496157054,1238
3.0283427702,4.3187472195,2.7292988458,0.1140169335,1019
2.8564168506,3.6348731841,2.8074215553,0.0179652044,644
2.8350871864,4.2054002601,3.2619534692,0,1047
3.2924339148,4.7704980381,3.0948178337,0,1522
2.0924561653,3.7312981777,2.3065661767,0,2977
2.4453538173,4.1087733076,1.8170153364,0,4677
2.8493774764,4.2834645738,2.5702075154,0,1678
2.9825191185,4.6127955719,2.5643964354,0.0568840587,1879
3.1927964671,4.6489369869,2.9237845309,0.0588295486,2110
2.5115866011,4.1285268742,3.0971596858,0,784
3.0636156216,4.3430831191,3.4776545404,0.1516553786,652
2.9649632837,4.5546372109,3.6038044828,0.0436471673,1200
2.3434786886,4.1072471914,2.5769507298,0.0335168085,4615
3.295725451,4.6869538464,2.9869253124,0.0696896468,1836
3.200567302,4.5949435569,2.495330744,0.1114541665,1023
2.1617676407,4.1586182691,2.1421785663,0,3752
2.4200478024,3.0392476658,2.1336366196,0.026433123,777
2.4145514731,3.9199691273,2.5178296656,0.1009973657,1186
2.0119629266,3.6273004893,2.500654506,0.0664957573,5097
2.5293258057,3.9110581686,3.2717564148,0.0791014271,1889
3.0445940831,3.9623247154,3.3579803474,0.113970208,969
2.9803245739,4.3920165278,3.7347024287,0.1146311454,2081
3.1456182295,4.5880932814,3.7305755457,0.0777570085,3270
2.5561171746,3.9576038505,3.0086682516,0.054372275,1109
2.2918120223,3.7978020756,2.8305977712,0.0312898203,2516
2.9932295898,4.5450693541,2.9797156566,0.0646951696,1612
2.8820620047,3.9308229121,3.5031186778,0.0756767602,809
2.8818720484,4.602554368,2.8699569591,0.0380249361,2036
3.0521560023,4.4289802547,3.3873599857,0.0842221014,1720
3.3998545653,4.7382988111,3.2499057136,0.2521384532,1268
2.7299107196,4.0786166373,2.4164468809,0.0988655513,888
2.652330661,4.1009337143,3.0326221962,0.0923577558,974
3.0784818302,4.0950819749,2.9191182539,0.1104352905,663
1.7249718936,3.528428496,1.9755718205,0.0191671155,6661
2.385108797,3.0034539631,2.1409819579,0.0389098065,968
2.4455050449,3.8693009561,3.2150203449,0,381
1.7227863647,2.9604795058,2.6690963273,0.1164613486,325
2.8002412069,3.4731221452,2.9728369301,0.2311498004,304
1.3299601867,3.6606251692,1.8956189124,0.0265431579,3437
2.4448268452,3.9563755866,2.2541729615,0.0262878011,1770
1.6724737855,3.5215289165,1.8548679624,0,2347
2.418315312,4.2123303347,2.8940088394,0,1748
2.8930681458,3.931358631,2.5896129321,0,769
2.6348539237,3.8119670742,2.941027568,0,1305
3.0521413489,4.373196562,2.9172572251,0,1770
3.1079598652,4.1829211535,3.410716804,0.2797029981,757
2.7912864073,4.2555703254,2.674104899,0.0824535619,1954
2.444607663,3.7731499279,3.1339987092,0.0641395165,941
3.0440288095,4.6786931272,2.5947914948,0.1296165469,1345
2.4695492576,4.0153317022,3.0769319076,0.0836618845,1185
3.0552444318,4.1243336637,3.1671875757,0.1984494109,759
1.8701078368,4.1314536953,2.0652783926,0.0139206463,8011
2.6463338832,3.6017302413,2.3534248559,0.0929139525,1182
1.9854341104,3.6681386478,2.4569528658,0.0526292417,2024
2.3144383254,3.7943048806,3.0218708861,0.1910446973,819
2.4272924062,3.4978853976,2.9039312383,0.1807262874,503
2.7134893128,3.7791093008,2.982338286,0.1583844075,172
2.7599817257,3.648926421,2.8664690656,0.2713895875,440
2.4090201271,4.0167534794,2.4467680888,0.0737311689,1901
1.9323791033,3.5203967877,2.4326722931,0.0485424307,749
2.1341277308,3.6077825655,2.9240109611,0,399
1.7610299094,3.1413478295,2.7518646875,0.0792197539,1165
1.5535461249,3.7124582128,1.9236515144,0.0102785498,5674
1.7553152592,3.2129165861,2.7429497337,0.0211793058,539
2.3975868284,3.7075270313,3.4026480242,0.0382709579,558
1.6630040192,1.9291552831,1.582531464,0.2422024986,451
2.438812519,3.5206431339,3.0663769392,0.1871762569,89
1.5841905233,3.0668158228,2.3336674485,0.0656363736,1448
1.6097334971,2.8895595261,2.0979369258,0.0375376589,3048
1.3990912097,3.4776495497,2.0053259358,0.0589361904,2245
3.1489809209,4.0346181876,2.478881314,0.0966425666,2147
2.5664592336,4.114257442,2.2170582613,0.0312197171,5613
2.4960178189,3.5790919464,3.0976823001,0.1007981449,322
3.3029149974,4.722168382,2.9025619081,0.0971244087,2553
3.1324684104,4.4093137314,3.2897321712,0.0903623158,1258
2.7621089946,4.2441562234,3.0385555891,0.0384776768,2238
2.3701260827,4.0265139858,2.2545959872,0.0189419556,4519
2.7976283427,4.3271063573,2.9588052812,0.0208589891,2004
2.245418669,3.8153842761,1.8617840656,0,3782
2.4575786634,3.9780432939,2.0615007001,0,2203
2.6055269109,3.8050722587,2.8721257298,0,1365
2.0266626834,3.3148906787,2.4817114848,0,1792
2.5435998254,4.133191347,3.379610185,0,1439
2.7330270558,3.7320951767,2.9499018459,0.2786698036,420
2.510336029,3.5644734747,3.2767828315,0.2135798153,133
2.410357917,3.5319777805,3.1336522974,0.1914332548,297
1.1318545705,3.0567667129,1.6303078781,0.022853997,2031
2.0114347215,3.6785683894,3.0270797786,0.0618901414,1426
2.8155143431,4.3861179416,1.8035644779,0.0325394185,6878
2.1900693117,3.8253514665,2.6940810624,0.0548990046,1595
2.2205465599,3.8182760242,2.0955481093,0.0324937227,4181
2.1799454898,4.2927762883,2.7598923523,0.0347567443,3326
2.6381565981,4.4950495297,2.0139588119,0.0787791545,1711
2.1976990799,4.0289259187,2.1528182302,0.0207693596,6058
2.6847518149,3.4711990381,2.6458410119,0.0641036364,1112
2.5794747308,4.5850323193,2.6560917726,0.0413170844,7609
2.50968217,3.9819255879,1.934991166,0.0114835753,8943
2.8819043464,4.2619217812,2.3349324866,0.0808760952,1619
2.5840782484,3.9237475504,2.5420951371,0.0237161228,3038
2.3894804414,3.8457577064,2.0698859108,0.0549161026,3270
3.1486099093,4.4710336287,3.0493055009,0.0837215207,1200
2.7510788326,4.3112540409,2.4486436943,0.0736177399,4255
3.3496316794,4.9038731671,3.0136697346,0.0796212809,5006
2.4658583538,3.3380843639,1.8017001439,0.1074917852,513
1.9616240598,3.8201551827,2.8232972032,0.0375799584,1533
2.9235385798,4.1964834016,2.957024742,0.0382544501,2001
2.6262978474,3.5330249897,2.2676270684,0.0626997885,1260
2.094542248,3.4254417999,3.3621636119,0.0516020563,746
2.2572145565,3.7897130035,2.3291191126,0.1013712567,2432
2.9059326896,4.6717989954,2.3592021606,0.0286878195,4834
2.5617090371,3.8274703091,2.6783923416,0.0712784581,1077
3.1882812597,4.5451812704,2.7485028015,0.0600227313,2045
3.2436623366,4.4818274866,2.4790096855,0.0945369668,3432
2.9356619674,4.0518504841,2.7248507786,0.0687223278,885
1.9569425099,3.6920727302,2.2422789654,0.009250931,2553
2.6995116194,3.9430577334,3.4985757063,0,420
2.2435900774,3.6873060444,2.2897084917,0,2477
2.6726576403,4.3503206297,2.8448986767,0,1297
2.0166507945,3.9245900438,2.2961398698,0,1996
2.409904261,3.7538193516,3.3934043393,0,471
2.7292423755,3.6466637632,3.2161393986,0,683
2.6656163165,4.1085241223,3.5261683562,0.203429561,895
2.6319200088,3.9018367796,3.0667138582,0.0926326293,448
2.7855774752,4.1619889869,3.2856997194,0.0182990593,1196
2.2744684155,3.0323474909,2.4728935663,0.0534065166,1034
2.2419487738,3.045506118,2.6389948115,0,452
2.7706875535,4.2607527657,3.4940837131,0.0546793436,1284
2.421498995,3.5998564249,3.1318364268,0.2367994421,419
2.7936539423,3.5265721738,3.1836687351,0.2099468839,386
3.112747653,4.5978524407,3.27965492,0.0491284129,1492
2.656119669,4.408659479,1.8332232128,0.0620956042,5545
2.9870830735,4.155198545,2.7749369831,0.0324450936,947
3.3003633208,4.9514458153,2.6566172274,0.034810552,2741
2.7584635507,4.2147663294,2.0850852543,0.0349670059,2462
2.7064310597,3.7911370597,2.7590292872,0.1357928942,1590
3.4111792056,4.9477093967,2.97139645,0.0884355461,3792
2.8353540839,3.7872088578,3.2676759657,0.0870850792,1134
3.1167442794,4.2334405675,2.98459122,0.0170958066,677
2.7799066026,4.1630592296,3.4059157946,0.0621378125,2199
3.1560180225,4.3546654507,3.4064828145,0.0393258349,2616
3.0715099631,4.1875865614,3.274757493,0.1001853381,1133
2.6970877425,3.5719983717,3.0496069843,0.245878596,426
2.9635670493,3.6651171072,2.683770321,0.043734263,1296
1.4344627547,3.4835323509,2.0698514274,0.0142970518,3138
2.7531463726,4.1667643196,2.8460154775,0.0653110788,965
2.1177182423,3.9307194376,2.2483638758,0.0143739725,6146
2.8072086887,4.050005487,2.4052361461,0.0469173821,982
2.7537951118,3.8681193665,3.2701262636,0.148410717,877
3.2072152847,4.050088465,2.8977495324,0.1029443484,1024
2.0613588732,2.8811567552,3.4978244261,0.0654908213,308
2.969002971,3.6762706129,2.9666707058,0.1621882561,986
2.388307525,3.9921594355,2.6563159463,0.1060678883,2519
2.3883245499,3.3038211363,3.1085722655,0.0768182441,341
2.9134595061,4.0175935913,2.7083850422,0,943
3.093990306,4.1883185765,3.1935643358,0,933
2.3757192126,2.9142207102,2.696300845,0,270
1.6157222215,3.3553461457,2.3010717546,0,3737
2.3660687166,4.2906590364,2.1290934834,0,3900
2.5154447463,3.731683715,3.3098270965,0,1215
2.8966870814,4.2097143299,3.2592780876,0.0628264889,1114
2.7305247463,3.8745985395,2.8338261279,0.0797197169,2885
2.8655890382,3.7005651978,3.351842471,0.1630041979,425
3.214568224,4.2739515368,3.34625744,0.0888796957,771
2.4183618355,4.0274011617,3.3400393837,0.1249810691,539
2.6380663535,3.5747810357,2.7358885802,0.1911233664,627
3.2054590338,4.4103183489,3.6017489174,0.11919729,1212
3.0946676888,3.9355253316,2.2537136832,0.0512190702,1250
3.0108831817,4.1751582693,2.7501474911,0.0471282965,1578
2.7092501535,3.8885827944,2.5565372795,0.0422365384,1801
1.8931260096,3.4687846433,3.0435316771,0.0442091726,418
2.7239699145,3.7862327662,3.3535343272,0.2477745363,449
1.8445836936,3.473834824,2.2993869547,0.0205942963,2556
1.8172806962,3.226028594,2.6590661427,0,308
2.3209131511,3.7686830438,2.5518515508,0.0562960853,1283
2.8362843012,4.0900853259,3.1659764911,0.0853258626,1739
2.8621413207,3.6700139614,2.9194772662,0.5049480622,399
3.0383860395,3.9272984204,2.7688552063,0.1771591234,616
1.9519141959,3.5689402443,2.3066624622,0.0417707836,3350
2.6995034114,3.353404899,2.0541951157,0.0784184046,1070
2.6531592862,4.1114988324,2.6645619845,0.1101454311,1683
2.3354724993,3.3743864106,2.2418491048,0.0148634067,1531
2.2472137416,3.5745197369,2.2956625717,0.0588915729,738
2.7716580258,3.7932730766,2.2974543623,0.055740864,798
1.1535174552,3.5577139695,1.4985376367,0.0261342822,6162
2.7523265172,3.2958797381,2.5749287322,0.0617680969,1002
2.9450553884,3.8519550189,2.9579298353,0.2712269142,872
1.5239296745,3.0783481875,2.1921672379,0.092499013,727
1.88878715,3.0568885441,2.3540432854,0.1255618022,1045
2.8740790531,3.3009509655,2.991067697,0.7978996045,159
2.1954422536,2.8712021437,3.1094719546,0.2623112196,51
2.1543589408,2.7919769805,2.351626851,0.2332673373,640
2.4654915917,3.7180261708,3.3196373687,0.1112410495,288
2.495461592,3.5433443281,3.1384013319,0.1274540375,432
1.8144143565,3.489346448,1.7811448007,0.1928472622,990
1.6055267284,2.7371188191,2.2286394622,0.1281730161,563
2.5306953116,3.695292781,2.7160360472,0.0541856981,382
2.3582807425,3.776380826,2.8228610599,0.1537421803,369
2.7570698838,3.4753058156,2.9011121068,0.4394969869,195
2.0871017967,2.652488933,2.3698630134,0.1075147942,436
2.4553709374,3.3359112236,3.0949258027,0.1504511602,224
1.7046167301,2.9571340128,2.0738052311,0.0244413564,1708
1.8410010336,3.6374646413,1.9622610174,0.0195707715,6964
1.9697402758,3.4982799687,2.3300466983,0.0408887611,2500
2.2688837827,3.9208536429,2.5088108906,0.0433060711,1708
2.9088354667,4.1564832977,2.8930757822,0,187
2.2572308225,3.9548906059,2.3516331008,0,1556
3.0421357256,4.1848434561,3.1184451062,0,1205
2.41780564,3.5362314634,2.9194654423,0,415
2.3894179783,3.9150326047,2.6968527915,0,927
3.129106727,4.1671064318,3.4419239869,0,983
2.493166243,3.6167159529,2.3119434485,0,301
2.5470082953,4.2068164831,2.9262402959,0.0613476144,1977
2.6956441866,4.0542159342,2.699797745,0.0288258371,379
2.9118487596,3.8375585274,3.3348276599,0.2000966711,341
3.0256484197,4.5115134531,3.5630378736,0.1229346865,1376
2.4364919334,3.7550221384,3.118880549,0.1119099087,350
2.6535080263,4.0253122803,3.234673128,0.0998688892,722
2.7900068155,3.9827732416,3.5806172179,0.0236251188,900
2.9073180994,4.6978006558,3.149054903,0.0760346957,1991
2.6133617816,3.8502139227,2.674679258,0.0406384065,1203
2.4020084895,3.5604924764,2.8795405847,0.1894204993,324
2.6524918038,4.1978929202,2.9657493864,0.0202062131,1050
2.3764236979,3.6466266324,2.9247238081,0,317
2.4679816893,3.6512651747,2.4585733183,0,311
3.3809438641,4.5642587344,3.3458531808,0.1215212372,2209
2.5389457168,3.4655283518,1.9735275026,0.0255403921,445
1.7715012744,3.0978810159,2.4980419369,0,398
3.0468090997,4.0572148401,3.6179742042,0.0615570797,292
2.4482797806,3.5669538047,3.2391478515,0.2093278915,435
2.6340117563,3.6428900261,2.9231076688,0.1953371942,299
2.8478867663,4.0697108653,2.7287029981,0.1068596282,1321
3.1570089427,3.7688094485,2.7276615315,0.2552421132,333
3.2376299355,4.2480807606,2.4744081925,0.3124648525,1013
2.3423086805,3.8302406936,3.6446493262,0.3563058457,744
2.1612663437,3.0959087717,2.9443078867,0,230
2.4838200057,2.8559734,2.8284575244,0.4100283837,149
2.2974203836,2.5414739297,2.6243266609,0.5225593745,108
2.1505255491,3.2871635307,3.0041612649,0.1642490849,381
1.6530856783,2.6655452816,2.6004690169,0.1168497609,187
2.36328196,2.9768940824,2.4205815489,1.075193178,64
2.2217250855,3.0735147296,2.8607521419,0.3632184778,181
2.3271880229,2.4128893907,2.2694755162,0.4798646576,89
1.8448382753,2.9606707281,2.4887172475,0,193
2.0876998284,2.8893288681,2.5513571225,0.02994995,720
1.3598024218,2.7592870749,1.6958094729,0,963
1.9114264712,3.2076957077,1.765373091,0,768
2.1794187478,2.6653613318,2.1994349896,0,305
1.8099101155,3.3851206239,3.1005884241,0,391
2.1371809136,3.0249203831,2.9918988581,0,123
1.5566354206,2.6315286599,2.3840998795,0,369
2.0274812033,3.128060563,2.3789503406,0.1530013489,473
1.6958359237,3.0328404135,2.6864664846,0.023695835,868
1.3162785046,3.3654834069,1.9365420971,0.1392329991,1037
1.5988199329,2.9748012969,2.5897734389,0.0741494836,583
1.3297854978,1.4404077532,1.238350386,0.0794904424,446
2.1663880568,3.3930929442,2.9379293955,0.0868905183,230
1.5816649882,3.16555074,2.0662136947,0.0315312014,1904
1.6370671602,3.6045953862,2.2141831981,0.0426769402,1943
1.6395535186,3.7317432063,2.0390600989,0.0120885955,3757
1.7948429919,3.2457757541,2.1985752018,0.1139948185,1031
1.0235224352,2.7669166311,1.5140888053,0.0351234505,2204
1.0706267132,3.1350777745,1.3452595669,0,1414
2.0376638135,3.7962583725,3.1424027444,0.0567937303,1280
1.7532382817,3.2336463786,2.1010672207,0.0237670051,861
1.0988300189,2.4627447734,1.6399928846,0.0172464313,3744
2.0913002017,3.5455263605,1.9985683882,0.0212540025,1489
1.4781232687,3.4368890883,2.0410241749,0.0308915611,3817
2.496120091,3.437900351,2.2469995988,0.0897033898,306
1.8791355946,3.4864767768,3.5814596635,0.1172206149,490
1.8085416618,2.7841853398,2.685101834,0,538
1.7336892586,2.3038947898,2.2500583201,0.0833059945,591
2.3854196472,3.556708613,2.5193559464,0.1656709612,555
1.3355688923,2.731109755,1.7223402411,0.0818496763,723
2.2753364602,3.2609701291,2.8628159803,0.1081271907,883
1.6464014123,3.61135101,2.0699400123,0.0413654581,2511
1.6679534841,3.9612991619,2.4268390695,0.0662206261,3564
2.27414644,3.7392975921,2.7245014789,0.1432356362,1340
1.7446894195,3.2130728168,2.8325781108,0,255
2.2653656806,3.7427213194,3.3800987604,0,171
1.6438707135,3.1178269092,2.3929512065,0,747
2.6577579837,3.28171276,3.3379048652,0.3265813518,422
2.0008251927,2.326879009,2.3108835007,0.2601453639,160
1.8338305151,3.3354802218,3.0282176327,0,434
1.9869263093,2.5556900859,2.5873121095,0,479
2.4781418844,3.0807051123,2.3976211113,0,125
2.3456821472,3.3872655273,1.9275804194,0,2543
2.2315706839,3.1682234593,1.3252174832,0.0531595735,1374
2.1756841769,2.1903070314,2.2356182138,0.7467366075,152
2.8560537736,3.7043744182,3.0134164784,0.2081809456,128
2.296137901,3.6428051091,2.1929738075,0.0633111401,1092
2.2002484139,3.1238626591,2.8267071571,0.1772801874,906
1.7730901815,1.9437668739,1.7490243913,0.3712323266,62
2.6773756552,3.7776130708,3.3357319589,0.0751264215,481
2.1847661295,3.5197722841,2.7579200011,0.1136028933,658
1.0463136915,1.1184258762,1.0686540127,0.1621049664,212
2.7610548554,3.7076515481,2.8414023491,0.1815538554,743
2.7369996692,3.0317056592,3.1302893577,0.4041799485,236
2.5505224193,3.0449408968,2.7311643597,0.1191160267,159
3.1910829513,3.7636499089,3.3588781104,0.3501684602,684
1.8132917569,3.2737484577,2.9234663261,0.1575499202,405
2.4696704874,2.1619781797,1.7381493332,0.9456603046,13
3.0061226253,3.8573332438,3.321600736,0.2763711721,255
2.5491574819,3.0080203901,2.4921134012,0,79
2.3559440646,3.0709838595,2.8930511682,0,106
2.4003412761,3.5831901027,2.8817630766,0,346
2.1679729342,3.1787407641,2.979448585,0.143984187,502
1.1464463421,3.0469249214,1.7047859433,0,4665
2.1211093272,3.5029278728,2.4936870685,0,1362
2.2395185619,3.0977647761,2.8896960283,0,126
2.0271556307,3.1241662202,2.9863017129,0,259
2.5926939189,3.4261425822,3.2288553724,0,233
1.0289529604,3.0539671181,1.5788933595,0,1436
1.71533488,3.2923785042,2.3610575141,0.0380303664,1541
1.1920944824,3.1045680329,1.8144025124,0.0343955316,2790
1.8215800739,3.3139728171,2.6293263631,0.0687100432,711
2.5116399285,3.6857815348,2.4306072393,0.0506775168,380
2.3401471293,4.0399161449,2.0328808548,0.0407547225,6407
1.5181694577,2.7015020645,2.1365008911,0.0783873482,465
2.7719853666,3.1204830156,2.8105597412,0.3353942964,447
1.2164122377,2.9582896772,1.7905959326,0.0301878541,4196
1.3394778078,3.001049896,2.1811972632,0,867
2.7386273413,4.0092229825,2.7425592565,0.1022452676,2874
2.1594353257,3.4747923879,2.8050640256,0.1548289435,260
1.6155925149,2.7259397448,2.706220706,0.0824882205,437
3.249796865,4.0110283669,3.270874933,0.257318283,335
2.6975347644,2.7810760119,2.2192509128,1.040852083,30
1.8110447378,3.116386616,2.8879056177,0,278
2.2572061699,2.9996820874,2.5337473696,0.2623112196,115
2.2303238691,3.0358357296,3.0125152822,0.2998025131,224
1.6935651686,2.0310851748,1.596708381,0.2351933818,73
2.2535753141,2.6574912614,2.3958991023,0.3031243678,197
1.5567179461,3.0461297304,2.2315009381,0.1371873446,705
1.6303771479,3.5006835162,1.8161583479,0.0181038296,2372
1.0440764599,3.3081747915,1.3022958209,0.0278550571,2160
2.7271071125,4.2776157008,2.6468588651,0.0820144194,1603
2.154282468,3.7405990701,2.3602924668,0,1284
2.1179907251,4.0806710454,2.1524783319,0.0344595677,6708
2.4783868294,3.9364131773,2.7084867799,0.0365844818,2006
2.1598302698,3.6193537687,1.9606725145,0.0778226692,641
2.6957016566,4.1508812835,2.5869069268,0.1625359365,1239
2.3410621035,3.5567791751,3.7515413566,0.0530926521,199
1.7617526537,3.3721813657,2.3903437709,0.052148737,1739
2.6148606975,4.0761010128,2.897432135,0,1512
2.4958703419,4.2235360078,2.9827125415,0.0796220584,2594
2.2403263393,3.9461293753,3.0599136279,0.0772205992,2227
1.8330050433,3.3922848689,2.6396209623,0,204
1.9544967018,3.8095965971,2.734937476,0.0644571448,1346
1.8575921496,3.5542015585,3.1757063286,0.0237908302,469
2.0972333044,2.8603205749,2.1500154578,0.0999893789,910
2.6729074548,4.1396932494,2.3983181593,0.0625479267,2380
2.6010670424,2.9679154834,2.0785354088,0.1954005767,307
1.137010231,3.0712042995,1.6472182689,0.0427631595,4745
2.6718010744,4.0151657549,3.3967378674,0.0350640378,844
1.4892903381,3.422589099,1.642159202,0.03601811,2671
1.5896114896,3.3204079403,2.4657340384,0.0375443308,4074
2.2911906107,3.9715275733,3.028049949,0.1171552363,1136
1.9581246405,3.3120035964,2.3971156901,0.0172025393,1263
2.3530553734,3.7419134122,2.846544785,0.0851810128,401
2.7886971224,3.9984676024,3.3119582055,0.125287693,842
2.6494755924,4.2154263474,2.3912573953,0.0544093623,2643
2.0473861487,3.7633937295,2.2105583056,0.1062554518,1913
2.4612803429,3.6320253313,2.5119740167,0.133503432,584
2.5962421696,4.0223312123,2.8576358411,0.0211421672,987
2.1897715198,3.424732231,2.4995685367,0.1496296627,667
1.8017207581,3.6742983014,2.2683083454,0.0324663496,4784
2.4630121956,3.989092829,2.0817548995,0.0361676162,6321
2.1163352027,3.5029194404,2.309060919,0.0809708719,1500
2.6608276199,3.8114361878,2.9936447488,0.1126729407,1118
2.6025456437,3.9379377209,3.4438862453,0,577
2.213309076,3.4417982546,2.8202997549,0.145404578,760
2.2304224498,2.9257881334,2.651486264,0.146279958,646
2.5028241966,3.6980551007,3.5926509193,0.2176754839,551
2.5061249104,3.7150060952,3.356488211,0.0785646911,749
2.2171974083,3.2922205175,2.8465305888,0,261
1.9898233555,3.3874221204,3.3139133132,0,426
2.329380891,3.8439143409,3.1068865574,0.0641203751,805
1.4302884718,3.1871988666,2.2092626057,0.0621715192,1389
2.3786862249,3.4805339038,2.9430251963,0.0178352672,629
1.726652841,3.061516861,2.6084403017,0.0526292417,713
2.4047934669,3.7070818222,2.6625171699,0.1342060681,987
2.9484806897,4.5054183589,3.3348777224,0.0754204974,4239
2.7284283653,4.5237903231,2.8698409056,0.0675264587,4712
2.499653728,3.5637673216,3.0802034949,0,1047
2.24089245,3.6359724348,3.1242597072,0,824
1.9682194614,3.2021332221,3.0424221726,0,358
1.6976551967,3.2374087341,2.5585097839,0,1537
2.3250786237,3.7121618881,3.1869992264,0,795
1.9055394653,3.5772478039,2.7697016627,0,887
1.6604119594,3.0658489623,2.8768244476,0.0622082976,569
2.199877007,3.6594057009,3.0297096387,0.1515581671,246
2.155469538,3.7445855075,3.3157372749,0,462
1.3685293282,2.8967831315,2.1117097841,0.0433924289,1738
1.7715546134,3.8508858339,2.5947655172,0.0232511961,2016
2.1359680675,3.5353291688,2.4873769558,0,496
2.1428613981,3.4912185598,3.444511193,0,616
1.1123370784,2.2734909729,1.530921727,0.0519183806,1392
2.5237250744,3.0797773297,2.6871973739,0.2377353107,389
2.2271405065,3.7602798801,3.1469813079,0,322
1.8874380915,2.9845741416,2.8270349595,0,226
1.9212103729,3.9386766182,1.8932984822,0.0364202659,6562
1.2403988372,3.0314767002,1.4679978406,0.0357249412,1080
1.9548753172,3.7226036683,3.228229484,0.0868258742,1126
2.3231141563,4.2156491802,3.2462300678,0.0733307595,802
1.2800485505,3.6381172251,1.3002077515,0.0864561881,1522
2.4989280501,3.5283560559,2.6750427378,0.0934952133,1230
2.3462365243,3.5434777997,3.3081172994,0.09542321,579
2.5653668203,3.6054419908,3.1306200341,0.3077584189,269
2.4260288708,3.5609487238,3.0469444569,0.0151307728,1481
2.3459444075,3.180892979,2.8712735929,0,179
2.0262773323,2.9914745738,2.4800412732,0.1205240881,335
2.5665473356,3.4581650428,3.3609753588,0.1441150013,350
1.1144880817,2.9597168577,1.9178113719,0.014306451,4632
2.1740254346,3.1877456011,2.3732646343,0.0724681636,1156
2.1855039885,3.5562641091,2.5099664521,0.0561901292,1577
1.9811593488,3.5240695024,2.1347572961,0,3743
1.169980047,3.1430333632,1.4526467179,0.0188218302,4540
2.3540518991,3.7766405722,2.3365001499,0.0786728155,1415
2.2376272099,3.9297965392,1.842446755,0.0175203968,5500
2.766773023,4.178978231,2.5514168808,0,835
2.1005648945,3.5725009864,2.3159903217,0.0346176331,1264
2.3918441419,3.9709433952,1.9764426654,0,2286
2.0173865176,4.1560358552,2.3496893026,0,3880
2.7572936566,3.5347602647,2.0058164784,0,599
1.7440610984,3.4754688914,2.2620596749,0,1130
2.3315234203,3.1963594861,2.8707341777,0,175
2.24789137,3.2838243959,3.1364605408,0,557
2.3669549528,3.4322017546,2.8476143574,0.3950447071,162
1.8892319414,4.1168800488,2.5650980111,0.0496140734,2567
1.6174733615,3.5534697037,1.3702298616,0.0234473954,7021
2.4265729755,4.075029339,2.2589972627,0.0507017078,2636
1.9713880048,2.8509996449,1.9911157045,0.0604349838,1293
2.2551692165,4.1079463253,2.3037627696,0.0687856345,2863
2.2489123824,3.5261545129,2.2332158333,0.0379719469,1428
2.2010628221,3.5389383759,2.4110050713,0.0542136473,1664
2.5967709939,3.7825350629,2.9809565196,0.1949957094,718
2.3293950964,3.6397267128,2.4664792415,0,1033
2.7263992144,3.8846116897,2.4183881457,0.0327414828,1192
2.2888324069,3.8139322098,2.3489498685,0.0167952413,664
2.3734289659,4.0827150162,2.6579569525,0,941
2.2426864495,3.6335325344,1.936164406,0.0633654781,1239
2.4794268249,3.69194442,2.7643170925,0.1124173389,588
1.9680736093,3.0749453643,1.9560317888,0,346
2.5406731912,3.6426478131,3.0351266994,0.1889244672,428
2.2622522772,3.4290308971,2.73710627,0,419
2.1076730942,2.876773135,2.361194221,0,71
2.7985984268,4.0625716922,2.8740337715,0.1057459666,1144
2.5899463614,4.3198921589,2.1239596006,0.0528929739,3387
2.4150156628,3.8211379393,2.3199777605,0.1212127082,1277
1.1745227625,1.9498426857,1.3065186823,0.065985588,780
2.0838830942,3.6827253716,2.1070080373,0.0654207944,1573
2.8388848804,4.7491497579,3.2639359802,0.020105788,1073
2.6062536991,3.0220542339,2.4383255985,0.178130952,416
1.3937072088,3.0161755822,1.471057307,0.0346361843,2475
2.8494144983,4.4106188749,3.4424901762,0.0754236724,1199
2.1757162384,4.1537873077,2.0117946331,0.0221235184,4204
2.4094602479,4.112279697,3.141317521,0.0945483407,351
2.324775398,4.0505669681,2.6797473435,0.0187175984,1174
2.8502341867,4.017262709,2.4907747376,0,2500
2.0256153831,3.2463540441,2.5270106944,0,1205
1.497543268,3.0053226756,1.7712110659,0,1244
2.9429922603,4.2240369821,2.9868349164,0,1423
2.7397467937,4.4120982805,3.0362086041,0,1719
2.1892327053,3.5296526728,2.1263671816,0,3890
2.9596310972,3.955001264,3.3701337437,0,1039
2.3844760629,3.7240524355,2.9997270622,0.2633833857,958
2.9464324752,4.3986657964,3.413936068,0.0116419357,1038
2.1370386681,3.3641863538,2.0445174081,0.0736486503,1353
2.9007077245,3.9793232137,2.9803646607,0.2142764929,725
1.3287077634,3.5092271851,1.8632890873,0.0519647402,3778
2.9853340773,4.0715244891,3.171019983,0.1366813204,563
2.8800158497,4.0343531618,3.281590988,0,1017
2.433341132,3.1653760351,2.6710686272,0.1386655776,528
2.0027604842,2.9656997321,2.4675491701,0.2676759201,228
2.6545504612,3.5380897825,3.6375289807,0,191
2.2588285081,2.2570496457,2.1623129232,0.5032583348,65
2.4405788159,2.9530809452,2.6535452342,0.3562048039,217
2.4184967559,3.9070463479,2.1252683474,0.020155867,2125
1.5132535099,2.9714021724,1.5135511537,0.0409377721,2056
2.1343540361,2.6159722126,2.3655482414,0.3750514064,77
2.5306656592,3.2145919639,3.7114095256,0.0568324045,170
2.5118108326,3.0128495626,3.1201293456,0.4246321376,213
1.4674992791,2.5300245925,2.1305630584,0.1394191861,673
2.4741603656,2.6056134257,2.3853269489,0.4721893847,154
2.1415716504,2.9343143051,2.6363384559,0.2251260811,344
1.4553218662,2.2465894118,1.429913294,0.1327131424,980
2.5990564346,2.7286982926,2.6344886333,0.4612160405,97
1.1769463398,1.3401325269,1.1318826002,0.0561448511,646
1.9329074438,2.4436095082,1.6370930815,0.0891313851,1188
1.4412770444,2.5418733768,1.6767504072,0.0403697576,505
1.6886129996,5.2311682523,3.2512843818,0.0353905132,3817
2.0288717495,3.6307293255,1.8620910024,0.1509375849,1473
1.2408412978,2.6713288535,1.5314222569,0.0683545171,748
2.6412920181,4.0410150041,2.7373683049,0.1532811363,1558
2.2796699342,2.8925121526,1.6843255723,0.0925061784,1547
2.2488482342,2.8563077969,3.1401811658,0.2600540005,365
2.4308661463,3.106908889,3.3952222376,0.0780269839,366
1.5020560817,2.3060707835,3.1332283029,0.1256580502,237
1.5131481815,1.7944756966,1.7640197701,0,606
2.3672028961,3.393948989,2.2676099325,0,819
1.8248872133,3.1533919481,1.74896739,0,2013
1.7628615841,3.0652482169,1.9491533613,0,1029
2.2333054568,2.5933011969,2.4482706227,0,759
1.403660661,2.2493175148,1.5965709805,0.0720811176,921
1.7381834075,2.8005385982,2.3440507328,0.0817631864,899
2.2388038842,2.9208140592,2.3314071175,0.0898501249,427
2.4532588951,4.1338465852,1.908335874,0.0433276259,5109
2.6879472183,3.4826897951,2.8384322346,0.0984577653,1171
3.0510489679,3.3588076594,2.8483712232,0.5118161689,499
2.5278284837,3.3720355711,3.2118412916,0.0255960394,394
2.5223075429,3.335841091,2.8496559349,0.0632623114,281
2.0534161541,3.0621144515,2.5424354043,0,232
1.2298238729,2.5818686776,1.4774387717,0.124678981,688
1.3388143126,1.5261653727,1.5112611609,0,337
2.0510504676,2.3627815185,2.6403619363,0.2135798153,109
2.2366567328,3.4906321983,1.9610087884,0.0750698451,2247
1.8389851392,2.6577732112,2.9042299805,0.1849162514,300
2.1192999067,2.8323202696,3.1980491656,0.1352903936,443
2.2620661372,3.6584854632,2.4348701482,0.026433123,788
1.941583869,3.7127066652,2.3094928215,0.0463675896,923
1.7020794168,3.5588083526,1.9878258223,0.0287970944,3474
2.5665755256,3.6122896149,2.0351288138,0.1106277189,1963
2.6352036805,4.1798368529,2.6906133563,0.0537427002,2463
3.3519971538,4.5705343228,1.9911484742,0.088097015,2408
3.0009855647,3.5981051806,2.1946477875,0.1509529326,1688
2.8992952255,4.1649868156,2.295960747,0.0385371809,1983
3.0105471922,4.5222186928,2.2923592028,0.1144730219,1417
2.1242701951,3.1363583056,2.6188763196,0.0955811886,879
2.8840220579,4.0914624015,3.0430537091,0,511
2.2110168281,3.2076831558,2.8271633428,0,322
1.1969566776,1.5339379179,1.2570513535,0,54
1.9698894597,3.3078251809,3.085918762,0.0654662747,634
1.9673761725,2.3054881916,2.2451358105,0.2422921891,113
1.9643904827,3.250597748,2.886722832,0.1365772163,430
1.2639020763,2.8189135246,1.9677449385,0.0704378625,1811
1.8677592491,3.5489906286,1.9363813455,0,1657
1.4612753876,3.1011330914,2.3199320934,0,1213
2.1096255096,3.1998706041,3.1045861713,0,414
2.265290132,3.7764520673,2.5023041939,0,2344
1.7597130882,1.984642106,1.3710530069,0,2335
1.8158148117,2.0470786814,1.8184512743,0.1821510604,578
2.8809836599,3.8996251949,3.4784487733,0.2438584852,621
2.7468100623,3.7467319852,2.8696655493,0.1050992543,903
2.4950857565,4.1119707375,3.1181098796,0.0073873339,1684
2.3841684459,2.9153355226,2.1297303515,0,213
2.2090928662,3.3243717586,2.9757329942,0.1997553487,155
