0.453159499,0.474699323,0.483090389,0.479246422,0.458506822,0
0.451906003,0.525520733,0.490538044,0.51094301,0.458608111,0
0.453123735,0.473899317,0.482858683,0.478261215,0.458613501,0
0.453972193,0.530767668,0.492170353,0.517884215,0.458614636,0
0.451063935,0.474456832,0.483005681,0.47888623,0.458553068,0
0.449816111,0.65144264,0.50621388,0.577028876,0.458275319,0
0.453446482,0.473823321,0.482870501,0.478311461,0.458574915,0
0.454209583,0.524152303,0.490323911,0.510032005,0.458628539,0
0.454257932,0.476017842,0.483304046,0.480154994,0.458542287,0
0.466900375,0.667407339,0.608152498,0.651417518,0.458791403,0
0.47758534,0.634191841,0.68737908,0.656525827,0.459156318,0
0.479079383,0.621539719,0.736755516,0.5911945,0.458683015,0
0.474161491,0.643160539,0.708171543,0.648741032,0.459383348,0
0.47001887,0.637711233,0.715716616,0.646449208,0.459329994,0
0.468030865,0.608032136,0.709006884,0.657029586,0.459187817,0
0.463018876,0.63715617,0.700633968,0.65943334,0.459021811,0
0.45876844,0.610017895,0.671340552,0.657391632,0.45888135,0
0.447249575,0.556942063,0.77901284,0.482523616,0.458502567,0
0.459685017,0.610855268,0.663210596,0.658911964,0.458926751,0
0.460213463,0.641292517,0.643867172,0.656229714,0.458835383,0
0.457894363,0.583715395,0.581903656,0.620944477,0.45869635,0
0.458570639,0.620520288,0.554622964,0.612352562,0.458601017,0
0.462997236,0.60901634,0.601914402,0.646770154,0.458810697,0
0.467393764,0.675213977,0.667616375,0.660930109,0.458978679,0
0.465524103,0.662571531,0.731884579,0.641725514,0.459132197,0
0.464182499,0.631191022,0.713302875,0.657604677,0.459106657,0
0.460976393,0.647268078,0.717657253,0.657949671,0.459079699,0
0.456152591,0.611134661,0.702388785,0.660954471,0.458959951,0
0.455630385,0.647484258,0.699759837,0.660952555,0.458841909,0
0.457207896,0.598539693,0.64279468,0.652124567,0.458795659,0
0.456761677,0.689839037,0.692682529,0.638774068,0.45866968,0
0.458197453,0.644273259,0.622854009,0.651303287,0.458709686,0
0.458598289,0.602678258,0.625716432,0.647206483,0.458746572,0
0.459875826,0.644288674,0.643537884,0.656014064,0.458798213,0
0.453689881,0.557685822,0.548129935,0.585926002,0.45859818,0
0.458746045,0.623600486,0.562977763,0.613481591,0.458642442,0
0.459057645,0.570186008,0.540017919,0.581785789,0.458500864,0
0.45382047,0.526174193,0.491771802,0.51149739,0.458661451,0
0.458266835,0.5372221,0.514409971,0.548043897,0.458631376,0
0.453223456,0.526476407,0.491162591,0.51131114,0.458648967,0
0.452247945,0.473633001,0.483110556,0.478311461,0.458574915,0
0.453829322,0.531004354,0.492206161,0.514142553,0.45863166,0
0.452817218,0.478975,0.484711557,0.483452943,0.458480153,0
0.454291112,0.51097861,0.488922145,0.503153307,0.458569808,0
0.45396962,0.496174926,0.486594421,0.494157177,0.458566687,0
0.453370539,0.506938863,0.488017772,0.500216771,0.458649251,0
0.453363223,0.48550234,0.484844954,0.486710482,0.458637902,0
0.458238838,0.565474113,0.521246884,0.563584724,0.458547394,0
0.452337673,0.515225745,0.48954567,0.506720413,0.458461428,0
0.453357485,0.492765362,0.48594635,0.491398324,0.458670815,0
0.458005208,0.540459431,0.519142169,0.555958144,0.458536896,0
0.453151101,0.522815469,0.490131643,0.509213953,0.458640455,0
0.453008949,0.494615249,0.486672747,0.492957134,0.458619176,0
0.453365472,0.501771416,0.487595814,0.497148343,0.458663438,0
0.449710687,0.481371567,0.484938855,0.485098456,0.458423979,0
0.454103709,0.524885942,0.490411535,0.510404801,0.458631092,0
0.45372275,0.472672514,0.482761959,0.477261819,0.458620595,0
0.453317559,0.522889937,0.49012531,0.509187005,0.458648967,0
0.453765304,0.472323908,0.482575892,0.477058986,0.458589385,0
0.457700272,0.574052838,0.516926677,0.557785829,0.45861265,0
0.453807661,0.491807773,0.489999459,0.498296791,0.458511929,0
0.451988096,0.467610346,0.481788016,0.47314584,0.458532357,0
0.456473506,0.567553005,0.508401605,0.54404518,0.458645563,0
0.454756401,0.479242622,0.483916876,0.482148923,0.458672801,0
0.454703386,0.510021445,0.48837187,0.501724191,0.458694648,0
0.454193424,0.460113758,0.479754047,0.465076595,0.458564133,0
0.451734791,0.571342708,0.496897316,0.535636854,0.45846994,0
0.454059787,0.460113758,0.479754047,0.465076595,0.458700606,0
0.453710051,0.554564356,0.494247189,0.526704397,0.458522427,0
0.45358011,0.461990515,0.480362752,0.467658846,0.458633079,0
0.45198946,0.475814984,0.483293817,0.480111495,0.458512497,0
0.454521546,0.546904865,0.497337672,0.527884083,0.458631092,0
0.455661054,0.538254819,0.51709915,0.555346584,0.458469656,0
0.454356703,0.534930264,0.492252687,0.516291905,0.458577752,0
0.454092769,0.482875655,0.486640906,0.487655445,0.45851732,0
0.457645575,0.576991525,0.513260802,0.555396884,0.458649535,0
0.453694695,0.469222874,0.481914833,0.474249504,0.458702593,0
0.458198719,0.673899603,0.545299894,0.610595638,0.458728413,0
0.456772989,0.625245097,0.535085992,0.591864972,0.458564417,0
0.453350455,0.517633207,0.489555856,0.506763763,0.458591938,0
0.45482673,0.482979104,0.484492863,0.485212205,0.458574915,0
0.45344508,0.506530123,0.487953795,0.499944412,0.458654358,0
0.453483633,0.484774319,0.484711097,0.486140849,0.458654642,0
0.45401616,0.50845828,0.488274035,0.501307708,0.458619176,0
0.454708378,0.598967316,0.541387727,0.594643904,0.458485544,0
0.45350544,0.496602789,0.48730523,0.4942849,0.4586606,0
0.453823881,0.517221605,0.490914647,0.507705466,0.45851959,0
0.457478725,0.523074473,0.503764737,0.526672311,0.458683866,0
0.454062712,0.509901692,0.489304575,0.50569432,0.458646414,0
0.453766443,0.48980911,0.485533596,0.489641379,0.458633362,0
0.450766536,0.546403848,0.493973698,0.525543785,0.458367237,0
0.452639311,0.490211307,0.48558336,0.489853197,0.458644995,0
0.455431137,0.521376311,0.490272183,0.50981192,0.458496325,0
0.455079956,0.502624602,0.49363639,0.512285849,0.458523845,0
0.455481575,0.561311986,0.501289557,0.534854484,0.458593357,0
0.453733888,0.470642847,0.482233419,0.475603325,0.45861719,0
0.451809883,0.620566204,0.549559205,0.614482434,0.458291206,0
0.451917239,0.506939343,0.487786266,0.499231203,0.458837369,0
0.45593828,0.611664801,0.530924358,0.594836027,0.458518738,0
0.458832117,0.621752883,0.529103465,0.57855949,0.458620027,0
0.453290728,0.462944882,0.480725026,0.468663095,0.458646697,0
0.452792424,0.476689612,0.483478215,0.48089573,0.458490083,0
0.454242372,0.529787033,0.49185564,0.513471105,0.458619176,0
0.453924384,0.460113758,0.479754047,0.465076595,0.458522143,0
0.452029106,0.519104449,0.490089161,0.50903319,0.458455754,0
0.454346803,0.499240311,0.486975739,0.495780547,0.458615771,0
0.454561471,0.515801383,0.48928158,0.505596454,0.458608962,0
0.454747368,0.478124421,0.483575803,0.481310795,0.458678192,0
0.455685942,0.539964815,0.501056957,0.528292185,0.458664856,0
0.453482752,0.494807659,0.489007959,0.496890851,0.458582575,0
0.452654124,0.504586008,0.487783586,0.499219795,0.458589385,0
0.45768078,0.529909434,0.50327306,0.528210123,0.458635632,0
0.455061197,0.497495644,0.486914046,0.49472365,0.45861038,0
0.455078736,0.52002281,0.493621105,0.512222603,0.45865833,0
0.455588847,0.523150965,0.499162351,0.522090446,0.458570943,0
0.455535082,0.580609542,0.508171602,0.548182831,0.458572078,0
0.453842971,0.522799409,0.498921989,0.521451048,0.458583427,0
0.455737443,0.574755805,0.506527977,0.54465285,0.458589101,0
0.4550507,0.512701561,0.495830415,0.513396686,0.458670531,0
0.455523165,0.53418457,0.500025595,0.525819892,0.458577752,0
0.456805195,0.551689236,0.507882093,0.538139303,0.458643009,0
0.455047046,0.510503523,0.493084992,0.508744255,0.458622864,0
0.4526127,0.503282715,0.487594818,0.498416159,0.458591655,0
0.456030321,0.535509996,0.505400679,0.534847695,0.458540868,0
0.459719185,0.570914092,0.530953443,0.577585398,0.458687271,0
0.473976686,0.623932816,0.669995916,0.662258939,0.458968463,0
0.469106415,0.623834048,0.637290106,0.655609247,0.458971585,0
0.467523555,0.625540926,0.675870896,0.660431116,0.458838788,0
0.464077103,0.630132137,0.667037882,0.660806365,0.458901213,0
0.460815979,0.622669197,0.645602698,0.653432004,0.458746004,0
0.461164967,0.612244816,0.624840869,0.643751585,0.458864325,0
0.462417022,0.616460459,0.640824363,0.649709403,0.459072037,0
0.462955318,0.629557462,0.660034806,0.659334453,0.45876842,0
0.4594253,0.634182501,0.654153119,0.66015853,0.458744586,0
0.454819601,0.58731469,0.564248609,0.607349239,0.458730682,0
0.461871667,0.593290667,0.534777161,0.588507993,0.4586362,0
0.455161127,0.530109513,0.502353921,0.531824408,0.458668828,0
0.456509813,0.563887907,0.525686366,0.573960803,0.458707416,0
0.455115088,0.621364033,0.627217097,0.659128554,0.459216195,0
0.453765692,0.567805618,0.539865006,0.585058759,0.458506255,0
0.453705232,0.574645375,0.52654306,0.570406931,0.458648967,0
0.450773555,0.473354613,0.482770155,0.477884835,0.458592506,0
0.453776945,0.530051926,0.491222658,0.513855017,0.458557324,0
0.453118497,0.472227272,0.482527605,0.476853728,0.458640739,0
0.453245891,0.528138945,0.490930827,0.512613834,0.458579171,0
0.458478107,0.582155908,0.551903132,0.610125674,0.458423127,0
0.45351514,0.51817529,0.489507833,0.506559384,0.458656344,0
0.453889804,0.475482486,0.483669769,0.479622018,0.458657763,0
0.454776788,0.507651486,0.496485413,0.513749143,0.458544273,0
0.455464279,0.521824076,0.490575422,0.508776231,0.458671666,0
0.453690675,0.470038404,0.482098194,0.475028656,0.458650386,0
0.447522875,0.564895258,0.496567137,0.53387889,0.458410361,0
0.453134289,0.471222271,0.482334697,0.476033768,0.458640455,0
0.453063275,0.522664696,0.490144971,0.50927066,0.458623432,0
0.453163963,0.473493895,0.482830218,0.478140195,0.458544841,0
0.45324398,0.523347124,0.490243617,0.509690383,0.458617474,0
0.453959278,0.469912881,0.482045685,0.474805519,0.458717063,0
0.443644941,0.589189932,0.50313229,0.548618605,0.45837206,0
0.452604107,0.467823419,0.481578696,0.472821444,0.458896957,0
0.451237627,0.481535006,0.484814539,0.485046691,0.458446959,0
0.454022723,0.530973086,0.491374009,0.514498649,0.458543138,0
0.453623848,0.461396413,0.480170094,0.466841385,0.458520441,0
0.455180061,0.59449603,0.510030079,0.564180535,0.458535762,0
0.448060298,0.532555125,0.5109356,0.56298386,0.458484125,0
0.452598924,0.509863079,0.498359709,0.524273,0.458686704,0
0.453899742,0.534471583,0.492149925,0.517797389,0.458573213,0
0.451642892,0.472130718,0.482993826,0.477863943,0.458542571,0
0.453004265,0.51350865,0.489195601,0.505230511,0.458504553,0
0.453568975,0.489823392,0.485475573,0.489394408,0.458691527,0
0.45404018,0.519356715,0.489734911,0.50752576,0.458615487,0
0.452771472,0.477665638,0.483774565,0.481155526,0.458655777,0
0.453108869,0.517124098,0.489499616,0.506524415,0.458586548,0
0.453208996,0.482704151,0.484347984,0.484595753,0.458682731,0
0.453948517,0.498728781,0.486979334,0.495795852,0.45856385,0
0.454668955,0.527194666,0.495210132,0.518982532,0.458610948,0
0.454719564,0.527503392,0.497497059,0.519383965,0.458643293,0
0.453763424,0.559580235,0.504992059,0.539021722,0.458578036,0
0.456791564,0.525895763,0.498827392,0.521009207,0.458718482,0
0.456211699,0.567331979,0.506339627,0.543165644,0.45857151,0
0.45604126,0.530133134,0.500581274,0.526211407,0.458568673,0
0.455078675,0.552880512,0.502332321,0.533063654,0.458678192,0
0.453937197,0.482321552,0.485798843,0.486484473,0.458644428,0
0.452978222,0.540114601,0.492631976,0.519845942,0.45849746,0
0.452146287,0.474832606,0.483055561,0.479098325,0.458579454,0
0.453483296,0.516627408,0.489737986,0.506071852,0.458619743,0
0.454188551,0.500291341,0.490657681,0.501683907,0.458540585,0
0.458962807,0.580843406,0.532271379,0.577835773,0.458659465,0
0.453881697,0.485586611,0.484959121,0.487196341,0.458546543,0
0.452894774,0.533629955,0.494475774,0.51820905,0.458556757,0
0.45231271,0.483812447,0.484801133,0.485775415,0.458581441,0
0.452808058,0.51212658,0.488708799,0.503158443,0.458658047,0
0.453584949,0.486969709,0.485217533,0.488296125,0.45852271,0
0.453918845,0.519379283,0.49163699,0.50866852,0.458656912,0
0.453779655,0.483583899,0.484557381,0.485486742,0.458610664,0
0.451777617,0.524570925,0.490559158,0.511032834,0.458545408,0
0.452972655,0.468053815,0.481762916,0.473604047,0.45850739,0
0.452587212,0.527454949,0.490708059,0.511666259,0.45864386,0
0.451603863,0.474877801,0.483820081,0.480064677,0.458513915,0
0.453675256,0.530954079,0.491198938,0.51375414,0.458615487,0
0.453372899,0.468102642,0.48170892,0.473374652,0.458646697,0
0.451521844,0.534559999,0.491796143,0.51629351,0.458551082,0
0.452300785,0.468189764,0.481759577,0.473589864,0.458569808,0
0.452517866,0.525355008,0.490444201,0.510543778,0.458644711,0
0.451547795,0.470513329,0.482556874,0.475970162,0.458505971,0
0.452629926,0.537224655,0.492125504,0.517693589,0.45854938,0
0.454774529,0.467110172,0.481501893,0.472495199,0.45864613,0
0.453131032,0.512370216,0.489153863,0.505052863,0.458460577,0
0.451499789,0.506291578,0.488102678,0.500578226,0.458545975,0
0.452494642,0.499060028,0.486966999,0.495743336,0.458603571,0
0.452904649,0.514639743,0.489513476,0.506583401,0.458445257,0
0.453120473,0.479537729,0.483932169,0.482826679,0.458545975,0
0.4532003,0.517227491,0.4894384,0.506263885,0.458625702,0
0.451447282,0.482032529,0.484395196,0.484796633,0.458519022,0
0.452223311,0.538967691,0.492567984,0.51957404,0.45847533,0
0.453510952,0.478719829,0.483768485,0.482130381,0.458566403,0
0.451538474,0.478264544,0.483808089,0.482298848,0.45845547,0
0.454439263,0.544636778,0.497254318,0.525156109,0.458622013,0
0.45490858,0.518023739,0.497720884,0.518255031,0.458606976,0
0.45265389,0.590257733,0.509778513,0.553539528,0.458528101,0
0.45198601,0.474491443,0.483013052,0.47891757,0.458551933,0
0.4544372,0.521956377,0.490007686,0.508686512,0.4586484,0
0.453336175,0.473057506,0.482680141,0.477502155,0.458648684,0
0.453386396,0.52521185,0.490475767,0.51067807,0.45861946,0
0.453546906,0.470721219,0.482224412,0.47556505,0.45866741,0
0.450742709,0.536642437,0.492128067,0.517704483,0.458523562,0
0.454048491,0.470328374,0.482192021,0.475427389,0.458578036,0
0.453380422,0.52002433,0.48974441,0.507566184,0.458657479,0
0.454206084,0.470166308,0.482126856,0.475150454,0.458643009,0
0.454349549,0.520226668,0.489773856,0.507691492,0.458655493,0
0.453738491,0.471739461,0.482448147,0.476515976,0.458615204,0
0.44935414,0.547077175,0.493513951,0.523592115,0.458483558,0
0.453966522,0.472243297,0.482558301,0.476984208,0.458592789,0
0.453701131,0.522598348,0.490100345,0.50908078,0.458642442,0
0.453008227,0.471660757,0.482430907,0.476442698,0.458618892,0
0.455488018,0.52432271,0.490313849,0.509989194,0.458644995,0
0.453828686,0.471600978,0.482417807,0.476387017,0.458621729,0
0.450641987,0.532174475,0.491656883,0.515701447,0.458496609,0
0.451647216,0.483277589,0.484524007,0.485344729,0.458593073,0
0.453291457,0.504998744,0.487731182,0.498996697,0.458661451,0
0.452343028,0.483085413,0.4844192,0.484898769,0.458672517,0
0.45376122,0.508524959,0.488324569,0.501522832,0.458594776,0
0.453314421,0.485084772,0.484747065,0.48629391,0.458670531,0
0.44491339,0.543405861,0.493479828,0.523447228,0.45838965,0
0.451732234,0.485903394,0.484918498,0.487023461,0.458629106,0
0.453980969,0.507566416,0.488115821,0.50063418,0.45864159,0
0.452941037,0.487610622,0.485206703,0.488250034,0.458615487,0
0.454392318,0.509553206,0.488485465,0.502207755,0.458583994,0
0.453574366,0.480062697,0.483980789,0.483033515,0.45859052,0
0.448890894,0.483201148,0.485008258,0.487405457,0.458311065,0
0.450778546,0.577504502,0.497398947,0.540054619,0.458395324,0
0.453712214,0.46815763,0.481696031,0.473319894,0.458714793,0
0.45462204,0.533354441,0.491588727,0.515411661,0.458574347,0
0.452374253,0.470926079,0.482327283,0.476002258,0.458550515,0
0.454589162,0.509715135,0.488449948,0.502056565,0.458616906,0
0.442773983,0.49976827,0.487384977,0.497522802,0.458439015,0
0.446097451,0.471214624,0.482308221,0.475921239,0.458692946,0
0.453261307,0.512958588,0.488704449,0.503139927,0.458736925,0
0.453596525,0.472833047,0.482632375,0.477299098,0.458658898,0
0.45303015,0.532300912,0.491520245,0.515120475,0.458550231,0
0.45422608,0.473487163,0.482798562,0.478005605,0.458587399,0
0.451071259,0.52521185,0.490475767,0.51067807,0.45861946,0
0.451377081,0.473748682,0.482826802,0.478125671,0.45861946,0
0.453744614,0.517459871,0.489353638,0.505903139,0.458694081,0
0.456683017,0.460113758,0.479754047,0.465076595,0.458637334,0
0.453353802,0.499982051,0.487119795,0.496393836,0.458591371,0
0.453764052,0.500436285,0.487111805,0.496359822,0.458642442,0
0.45401968,0.472294057,0.482542023,0.476915013,0.458637618,0
0.452685234,0.534337321,0.49176508,0.516161453,0.458552501,0
0.453346107,0.47383117,0.482872179,0.478318595,0.458574631,0
0.453353338,0.519725484,0.489668054,0.507241243,0.458679894,0
0.452517916,0.473283919,0.482728253,0.477706694,0.458638753,0
0.451221016,0.47578369,0.483287203,0.480083367,0.458513348,0
0.453394912,0.523729308,0.490245878,0.509700002,0.458641307,0
0.454533214,0.467258833,0.481569326,0.472781638,0.458554487,0
0.453798484,0.541106297,0.492597281,0.519698526,0.458547678,0
0.454164382,0.46594921,0.481247885,0.471416375,0.458662019,0
0.45301492,0.476448262,0.483363442,0.480407597,0.458564701,0
0.455606184,0.530003429,0.49115681,0.513574977,0.458582008,0
0.45410176,0.472465159,0.48255394,0.476965671,0.458676489,0
0.453179129,0.528769496,0.49185929,0.516561966,0.458630525,0
0.453649632,0.473943005,0.482867923,0.478300503,0.458611799,0
0.454104486,0.515539686,0.489087033,0.504768413,0.45870543,0
0.453865086,0.471956176,0.482469018,0.476604689,0.458653791,0
0.452222789,0.529749786,0.491159756,0.513587507,0.458567538,0
0.453642109,0.462161078,0.480363666,0.467662722,0.458632227,0
0.452114197,0.477595244,0.483668236,0.481703953,0.458469372,0
0.452512435,0.524876797,0.490427797,0.510473989,0.458622297,0
0.453524066,0.472628479,0.482588783,0.477113788,0.458668545,0
0.453430857,0.522645677,0.490124515,0.509183623,0.458632795,0
0.453246834,0.632587571,0.449932374,0.592093063,0.458639732,0
0.453915716,0.548272478,0.489489823,0.553911989,0.458643572,0
0.464673703,0.531620781,0.415038469,0.641893255,0.458576594,0
0.452384711,0.539041851,0.514339941,0.508259896,0.458744177,0
0.45922276,0.521469339,0.559099962,0.640252788,0.458644755,0
0.454969616,0.498816837,0.558130691,0.451215864,0.458802965,0
0.449295225,0.484931443,0.464808128,0.450204977,0.458539846,0
0.451024373,0.514372378,0.57218589,0.529782355,0.458703976,0
0.455553719,0.59354338,0.50333215,0.584769283,0.458893219,0
0.455160379,0.529894254,0.522281364,0.502812543,0.458658186,0
0.453670231,0.544901311,0.548127963,0.538463607,0.458583369,0
0.453496379,0.489601565,0.46659889,0.586822305,0.458490625,0
0.449332474,0.560025921,0.490817611,0.48993757,0.458746863,0
0.450334631,0.542999282,0.611759876,0.524837738,0.458513741,0
0.456639848,0.60999216,0.455230186,0.438010517,0.458670916,0
0.455615309,0.398045095,0.573130412,0.65443567,0.458545512,0
0.452628364,0.539609183,0.410240138,0.553672646,0.458932912,0
0.45544758,0.561565771,0.448147619,0.543283799,0.458562797,0
0.456089271,0.593188696,0.521669498,0.478471136,0.458633098,0
0.450836909,0.612951168,0.552040084,0.508725901,0.458629526,0
0.451840107,0.528805324,0.533975031,0.485215628,0.458301803,0
0.46354775,0.430328958,0.589145626,0.558048149,0.4588008,0
0.447901189,0.497111686,0.432461756,0.478522,0.458901077,0
0.448967557,0.576953579,0.484853305,0.487784123,0.458671056,0
0.456949963,0.428723899,0.446125432,0.524605229,0.4585384,0
0.456340625,0.508337553,0.511360742,0.49169701,0.458565254,0
0.449325684,0.483461694,0.573628193,0.534810434,0.458679211,0
0.455805417,0.537127568,0.516250579,0.417995571,0.458683774,0
0.458830479,0.441646315,0.509856014,0.40758346,0.458471465,0
0.455121467,0.510620382,0.5756239,0.612415974,0.458946538,0
0.453449982,0.500869684,0.570618427,0.531181034,0.458782599,0
0.457422645,0.571462852,0.577438526,0.54451988,0.458661842,0
0.454084656,0.47454515,0.484478133,0.422005156,0.458494229,0
0.459103293,0.673048539,0.566208462,0.576933588,0.45858958,0
0.455303483,0.476029916,0.518481709,0.546323956,0.458710259,0
0.454802983,0.476373328,0.393147587,0.466062503,0.458723119,0
0.458327444,0.513281287,0.588247423,0.429784379,0.458733033,0
0.445829636,0.436676227,0.50482613,0.54388635,0.45840534,0
0.462254886,0.518138797,0.554993412,0.615166551,0.458553955,0
0.452490306,0.688070079,0.620623292,0.53252407,0.458624215,0
0.449206639,0.593850355,0.593313088,0.494066185,0.458430488,0
0.44781454,0.490778052,0.456533049,0.574412856,0.458533979,0
0.452744272,0.580853618,0.577518252,0.451224675,0.458852018,0
0.458574077,0.601599442,0.558968623,0.557435188,0.45848483,0
0.45614394,0.536872567,0.581702415,0.528886864,0.458744931,0
0.447063441,0.541170083,0.475411737,0.515282178,0.458702353,0
0.453256718,0.542115056,0.512333962,0.477354947,0.458781803,0
0.452283346,0.564425283,0.543846214,0.508964379,0.459010623,0
0.459779839,0.504797117,0.465059121,0.574864837,0.458791758,0
0.458907205,0.49884541,0.523160527,0.530251191,0.458569918,0
0.453119293,0.608879305,0.453621605,0.497841965,0.458770063,0
0.462305715,0.550294267,0.599028697,0.529536195,0.458525781,0
0.449380683,0.483220951,0.462957753,0.441086805,0.458750068,0
0.45629756,0.474964184,0.504615841,0.672246902,0.458645163,0
0.454585776,0.482300647,0.520039134,0.439829992,0.458693667,0
0.456449661,0.492606699,0.483259449,0.479720455,0.458500296,0
0.450418481,0.55841906,0.491326364,0.450630156,0.458815215,0
0.4483867,0.5401386,0.46294174,0.521623626,0.458871829,0
0.455654762,0.51438891,0.568712525,0.464184586,0.458434048,0
0.449951093,0.505625918,0.422287474,0.512663282,0.458665599,0
0.460297839,0.504434668,0.52121059,0.556510329,0.458625288,0
0.455407038,0.50282558,0.423778419,0.533021015,0.458750746,0
0.453359586,0.620205333,0.526494482,0.552883363,0.458692952,0
0.458482653,0.501516339,0.607988806,0.471340278,0.458470088,0
0.45993262,0.470153219,0.568043363,0.527302383,0.458599074,0
0.453501607,0.52035891,0.559363416,0.489298534,0.458401832,0
0.449711925,0.447711798,0.422393603,0.425092833,0.458799364,0
0.448434828,0.372584682,0.541929351,0.531213271,0.458424696,0
0.460098943,0.558348721,0.522358392,0.513439148,0.458679218,0
0.45333539,0.521709851,0.517939784,0.549003182,0.458645176,0
0.455647921,0.509265319,0.48414687,0.523568925,0.458701728,0
0.448220441,0.492281333,0.591587612,0.544090386,0.45872969,0
0.457050653,0.522282385,0.426285966,0.432129005,0.458612491,0
0.456881172,0.564760643,0.55653883,0.609559026,0.458481369,0
0.452313057,0.511446869,0.552671849,0.499972103,0.458701717,0
0.44688823,0.597614373,0.494248301,0.582977947,0.458438951,0
0.459041726,0.47195126,0.530990791,0.566373315,0.458379848,0
0.456456498,0.545533362,0.585972121,0.578388265,0.458565566,0
0.460699966,0.513952351,0.574481937,0.481573506,0.458576927,0
0.454743487,0.518520009,0.405170309,0.453440857,0.458657515,0
0.452364923,0.426218673,0.511145404,0.558597998,0.458657427,0
0.456103793,0.522610088,0.450729332,0.637158101,0.458572529,0
0.450478436,0.575205845,0.544605957,0.546724845,0.458619688,0
0.456025735,0.54118875,0.639272197,0.578084818,0.458712427,0
0.453711676,0.555892076,0.485325242,0.500674964,0.458533563,0
0.448825963,0.455602432,0.519357511,0.390436621,0.458659996,0
0.453489543,0.569048929,0.593095894,0.542133256,0.458608899,0
0.460397409,0.553350075,0.423540633,0.537051477,0.458757511,0
0.45283551,0.495099683,0.455463271,0.563291718,0.458702796,0
0.451871374,0.600416554,0.533309697,0.550008956,0.458581345,0
0.456264129,0.532922071,0.446379705,0.441560421,0.458806589,0
0.453781562,0.657140442,0.499367285,0.521692727,0.458525788,0
0.45274174,0.508265883,0.643943598,0.454418471,0.458631677,0
0.454477722,0.5629106,0.525600634,0.572642694,0.458980734,0
0.463306324,0.518199346,0.409212286,0.60458682,0.458476532,0
0.459909354,0.505525953,0.482607638,0.530604964,0.458611685,0
0.452436084,0.575739176,0.569852605,0.547510641,0.458563609,0
0.452818437,0.579814593,0.497782479,0.52346437,0.458634769,0
0.452600315,0.477162066,0.467296981,0.608949836,0.458806224,0
0.461858456,0.504147312,0.530131121,0.487930452,0.458380056,0
0.444734468,0.434732762,0.543580322,0.516707134,0.458817745,0
0.449067776,0.508619528,0.57601536,0.482017334,0.458860117,0
0.455027399,0.488725773,0.460124957,0.525595786,0.458752203,0
0.457294074,0.556374112,0.538367461,0.523614011,0.458492817,0
0.456375135,0.54431737,0.58013732,0.482401834,0.458668947,0
0.454035067,0.591803392,0.506605662,0.567145408,0.458390032,0
0.460328156,0.534484899,0.405614958,0.512572343,0.458705835,0
0.449845457,0.494694994,0.423092051,0.504807424,0.458770251,0
0.455528205,0.542513188,0.525864319,0.558290749,0.458528982,0
0.458230485,0.546742887,0.42233759,0.49136078,0.458774359,0
0.452483879,0.433876851,0.526224007,0.541425589,0.458833778,0
0.456571815,0.53350949,0.515191078,0.520457289,0.458884118,0
0.450676676,0.568243365,0.463755542,0.478385936,0.458727586,0
0.451063773,0.523962094,0.480107816,0.608516913,0.458622773,0
0.449172117,0.574266683,0.512479551,0.469561282,0.458748681,0
0.452708541,0.503108964,0.562079081,0.541805768,0.458396189,0
0.461069251,0.496923027,0.424977596,0.478081862,0.45864064,0
0.454812137,0.603180515,0.612840219,0.469312833,0.458492966,0
0.447587092,0.510943772,0.439427575,0.499820146,0.458284016,0
0.459908827,0.636805319,0.493942456,0.60361486,0.458426547,0
0.453446983,0.643483227,0.406090473,0.580542464,0.458661636,0
0.457140422,0.521524608,0.508725979,0.577754068,0.45882064,0
0.450134899,0.49492306,0.504519926,0.56812846,0.458409958,0
0.448907878,0.540007306,0.5072358,0.463736303,0.458563504,0
0.456199866,0.472582288,0.449196963,0.583342563,0.458576465,0
0.457041806,0.497173089,0.4130915,0.526587235,0.458575653,0
0.446191529,0.48403601,0.524476105,0.497213365,0.458908164,0
0.457866388,0.445952806,0.587729752,0.580893977,0.458791764,0
0.454551464,0.536331673,0.50385528,0.56866262,0.45880625,0
0.454372128,0.570260258,0.557930841,0.568001285,0.458556672,0
0.460247401,0.530935088,0.490767182,0.416182709,0.458671713,0
0.454807526,0.541364651,0.496589515,0.578792158,0.458477201,0
0.45211442,0.446852795,0.434001592,0.560330123,0.45837414,0
0.455078634,0.550634016,0.636573122,0.489500068,0.458624072,0
0.464179454,0.51412171,0.507865034,0.542293599,0.458513193,0
0.453854166,0.571099419,0.610465004,0.486556219,0.458593353,0
0.45797367,0.530756359,0.501894683,0.503244556,0.458654915,0
0.449792588,0.577002198,0.483492245,0.493766803,0.458626295,0
0.449986927,0.459763405,0.40731379,0.551982182,0.458622615,0
0.452321364,0.612797016,0.437841883,0.423726901,0.458557938,0
0.448089078,0.503588332,0.466318208,0.510335021,0.458595319,0
0.459695669,0.507033187,0.535438863,0.514430035,0.45836551,0
0.455989481,0.507402543,0.53680441,0.562310479,0.45872553,0
0.450963955,0.520571782,0.527970358,0.522046234,0.458735841,0
0.456768262,0.455242214,0.453556666,0.587415082,0.458596203,0
0.455651898,0.564743899,0.581863334,0.539747007,0.458592692,0
0.457782156,0.569340154,0.587783012,0.564394172,0.458824466,0
0.45762139,0.620818445,0.569325499,0.539181184,0.458832217,0
0.463435395,0.541883005,0.499962719,0.540533261,0.458494858,0
0.45829769,0.533561946,0.507789129,0.61495067,0.458752314,0
0.454671435,0.459588127,0.4131167,0.415286932,0.458688693,0
0.451226411,0.486725855,0.55302468,0.405320886,0.458508106,0
0.455645712,0.468462242,0.43319188,0.486351857,0.458801044,0
0.44960359,0.573594444,0.51677762,0.468792138,0.458656032,0
0.449765517,0.571014916,0.621873285,0.533556386,0.458512316,0
0.454320337,0.469973246,0.431183064,0.579881706,0.458461037,0
0.451268028,0.566199759,0.55072873,0.534496053,0.458574292,0
0.454073423,0.489338438,0.516029207,0.524743607,0.458498897,0
0.446554349,0.533802357,0.532091047,0.523397998,0.458758129,0
0.447674899,0.434433634,0.579664519,0.504354825,0.458710331,0
0.449816518,0.45804157,0.4761366,0.537778279,0.458641726,0
0.456530466,0.486548333,0.6093743,0.570264174,0.458589496,0
0.460126818,0.556254358,0.479531909,0.616093399,0.458899779,0
0.449675288,0.425355041,0.476686044,0.491566985,0.458569198,0
0.4542016,0.513265746,0.532863284,0.529963851,0.458561512,0
0.450537505,0.533319997,0.481779892,0.559141479,0.458731242,0
0.452469844,0.566380561,0.516015606,0.410256246,0.458548602,0
0.457216224,0.519981757,0.574494977,0.558958734,0.458814348,0
0.448222031,0.618730907,0.579470217,0.569494921,0.458871112,0
0.455131314,0.4957464,0.503861042,0.517239578,0.45855455,0
0.449076805,0.526333864,0.394770779,0.582538002,0.458735838,0
0.457990325,0.570714823,0.507447807,0.657175802,0.458817991,0
0.445138581,0.574248768,0.504573071,0.540885342,0.458406039,0
0.456424731,0.567861737,0.524857632,0.505504331,0.458510342,0
0.455089008,0.587564337,0.41172664,0.541721884,0.458569263,0
0.450778936,0.484026081,0.612908645,0.504487891,0.458401131,0
0.459538676,0.539132468,0.494403974,0.569230157,0.458816252,0
0.455755386,0.611905323,0.50501312,0.555871747,0.458636716,0
0.45531344,0.538990326,0.494953363,0.585651095,0.458747844,0
0.457976959,0.456434983,0.532267964,0.53175799,0.458502829,0
0.45202511,0.576261559,0.556287678,0.507044164,0.458583221,0
0.450967797,0.477373785,0.568652745,0.556624865,0.458861253,0
0.455053648,0.538455402,0.535259799,0.501824708,0.458727836,0
0.451693025,0.560828007,0.478748397,0.568025248,0.458534996,0
0.450722613,0.518744509,0.447940019,0.449303275,0.458648193,0
0.454900917,0.488259299,0.466782101,0.518107421,0.458822918,0
0.459743851,0.538115489,0.517637324,0.585449803,0.458407649,0
0.4632542,0.506086597,0.573725149,0.530587685,0.458720915,0
0.453375534,0.490770476,0.582380303,0.505790391,0.458721631,0
0.451757782,0.53108322,0.503156473,0.519086166,0.458562631,0
0.454059093,0.597185825,0.544412751,0.480798686,0.458531788,0
0.463137371,0.427296473,0.464720557,0.577138378,0.458422103,0
0.446022811,0.543981468,0.554260958,0.451969878,0.458688918,0
0.448230405,0.46323904,0.504029391,0.532400685,0.458936439,0
0.454049869,0.500670527,0.550843946,0.561535335,0.458659924,0
0.458620705,0.517733845,0.504642678,0.457623416,0.458670288,0
0.452057264,0.606107389,0.534805162,0.592964533,0.458730734,0
0.453590464,0.533049784,0.609436561,0.543536719,0.458693277,0
0.452639389,0.540076759,0.488206666,0.523757422,0.458528719,0
0.451100536,0.471764538,0.417194989,0.383201667,0.458461294,0
0.448340801,0.463189153,0.423094193,0.601760054,0.458486019,0
0.448892413,0.57152405,0.467231877,0.594845174,0.458625735,0
0.454060502,0.568432111,0.470160141,0.481081418,0.458903744,0
0.457490779,0.469438137,0.475713914,0.572433474,0.458505207,0
0.456954663,0.563887156,0.450969989,0.542650943,0.45863397,0
0.461462949,0.537698065,0.644249422,0.435359216,0.458641469,0
0.459456859,0.579219611,0.488191838,0.570492034,0.458877499,0
0.450979382,0.507039945,0.527633735,0.547690602,0.458508031,0
0.45662109,0.551482356,0.655734965,0.620631479,0.458546601,0
0.446829543,0.47512887,0.534407076,0.551771394,0.458805358,0
0.46281703,0.521181514,0.470892866,0.510881425,0.458726033,0
0.455386954,0.520295406,0.509560859,0.585136203,0.458430485,0
0.458455318,0.58354327,0.591521288,0.52994309,0.45873691,0
0.445270204,0.443541826,0.454141059,0.613829251,0.458844638,0
0.456719961,0.49311246,0.448702852,0.610958098,0.458379453,0
0.454991902,0.432218113,0.52241636,0.561316928,0.458532052,0
0.455209655,0.537898303,0.568504055,0.503361173,0.458687328,0
0.455333044,0.609449436,0.409682421,0.412409199,0.458529851,0
0.455634344,0.465544258,0.538848132,0.416358797,0.458653451,0
0.450315627,0.540708687,0.548794631,0.467112436,0.458455933,0
0.460958664,0.638811329,0.563970847,0.519058249,0.458529098,0
0.456007597,0.471731271,0.526545679,0.420578454,0.458552733,0
0.452831104,0.606124141,0.610467799,0.626215699,0.45866169,0
0.454790446,0.577731771,0.530375318,0.485524404,0.458753884,0
0.461889306,0.579273095,0.485134445,0.509627946,0.458558374,0
0.456086723,0.564933058,0.427262297,0.500256458,0.458430443,0
0.450711418,0.445938152,0.606040492,0.463056027,0.458704737,0
0.455743767,0.581986827,0.609146329,0.512769634,0.458626714,0
0.449751957,0.556744149,0.459498998,0.456480175,0.458852945,0
0.463716296,0.523995697,0.377232242,0.47702017,0.458684572,0
0.461398819,0.483582421,0.529015898,0.496570308,0.45866262,0
0.460500627,0.491152942,0.396246965,0.488035182,0.459109852,0
0.453501219,0.562991788,0.566647175,0.48878188,0.458561415,0
0.454366853,0.615853142,0.554297581,0.524095703,0.458994781,0
0.459453292,0.474675751,0.468658848,0.425542081,0.458709518,0
0.452972838,0.502387132,0.409047136,0.41600407,0.458509268,0
0.457416825,0.524329436,0.612878435,0.600020966,0.458492204,0
0.457325004,0.484755782,0.474429196,0.469721858,0.458779709,0
0.456317675,0.584682685,0.402659428,0.543074625,0.458379436,0
0.456554953,0.472508759,0.483777949,0.544420617,0.458621978,0
0.454071935,0.528543255,0.472751971,0.492582994,0.458509145,0
0.457422784,0.583487806,0.440192081,0.541457982,0.458462553,0
0.463811475,0.476839239,0.443628872,0.55970493,0.458649304,0
0.455422708,0.541198336,0.471025215,0.520701525,0.458843453,0
0.456172426,0.529029686,0.429764986,0.520271954,0.458788251,0
0.458536731,0.595813474,0.354408799,0.542475782,0.45864588,0
0.454822877,0.556150231,0.616594508,0.43648096,0.458411794,0
0.450982875,0.473777805,0.594297455,0.460680818,0.458348465,0
0.44602349,0.539718704,0.471672189,0.528735903,0.45864509,0
0.460603926,0.592311876,0.54618947,0.497834942,0.458524396,0
0.451435744,0.620962859,0.332266074,0.509365255,0.458730213,0
0.455079203,0.50416149,0.534404741,0.499305357,0.458706587,0
0.450938075,0.57890324,0.633314203,0.526216174,0.458754374,0
0.45307328,0.58543319,0.532839379,0.590012852,0.458642283,0
0.450407792,0.59140117,0.529875757,0.596048951,0.458600917,0
0.461047325,0.524924587,0.568916198,0.496788315,0.45882747,0
0.459206445,0.526405389,0.561936476,0.528428412,0.458655805,0
0.45101006,0.562303314,0.376343679,0.535808385,0.458597636,0
0.455038782,0.619905665,0.618064342,0.522032155,0.458620267,0
0.448328274,0.578997749,0.56116127,0.449867749,0.458497483,0
0.447777089,0.53703216,0.506550521,0.504222935,0.458759647,0
0.456822186,0.536823026,0.597608486,0.512346322,0.458601405,0
0.456040885,0.511124347,0.436350145,0.569142273,0.458615331,0
0.453404278,0.5275741,0.464404021,0.516130603,0.458559546,0
0.466665868,0.480521118,0.523037367,0.559828092,0.458420001,0
0.456863723,0.589289864,0.48236888,0.521112986,0.458934449,0
0.45950045,0.53435068,0.602832187,0.565436155,0.458677409,0
0.453327127,0.459417928,0.503965059,0.590155993,0.458568998,0
0.450714409,0.492540865,0.478839581,0.531094299,0.458756776,0
0.454603875,0.510674531,0.511486043,0.490681951,0.458783771,0
0.446462473,0.571146261,0.403891331,0.382188158,0.458536986,0
0.455767973,0.567586212,0.410980952,0.522141798,0.458497529,0
0.454606149,0.614499189,0.403474797,0.596497997,0.458881781,0
0.458298584,0.479134471,0.535764394,0.605937821,0.458829331,0
0.452848096,0.504552798,0.463923875,0.509350984,0.458663461,0
0.453620697,0.498857691,0.454471524,0.466746033,0.458890847,0
0.451086373,0.499674507,0.531158109,0.495276886,0.458738667,0
0.449362833,0.569100122,0.481962136,0.497623883,0.458503582,0
0.459249277,0.494233631,0.5012366,0.474356921,0.458423238,0
0.45269533,0.461835385,0.494891263,0.434552434,0.458415027,0
0.454149913,0.500749471,0.540199406,0.579668896,0.458631457,0
0.460169694,0.568391293,0.474526369,0.447946917,0.458744726,0
0.455070398,0.536032758,0.444687526,0.562694402,0.458349834,0
0.446104905,0.557167769,0.613536627,0.531067654,0.458658133,0
0.452770459,0.433059142,0.527444134,0.492980416,0.45886824,0
0.451671444,0.404503591,0.434974411,0.571772697,0.458496374,0
0.452240458,0.421737568,0.397242781,0.532318461,0.458659416,0
0.456958725,0.622555232,0.391588051,0.541751635,0.458633235,0
0.456683144,0.557288769,0.587539229,0.578331546,0.458441137,0
0.451233182,0.509813643,0.566911152,0.476670871,0.458636037,0
0.454931019,0.501428031,0.509995966,0.533970793,0.458692078,0
0.459153489,0.47394153,0.591317898,0.529708716,0.45864521,0
0.463450966,0.582088722,0.459298465,0.598699595,0.458795878,0
0.44621281,0.500188252,0.582784431,0.589697826,0.458593513,0
0.452861447,0.400819436,0.542796406,0.663719947,0.458751921,0
0.461613941,0.560091878,0.486544641,0.550818622,0.458723712,0
0.449442273,0.597169914,0.517343892,0.505350933,0.458434404,0
0.45654117,0.532359022,0.588979139,0.552355152,0.458700095,0
0.459922705,0.518339412,0.621529027,0.493024304,0.458431954,0
0.456160182,0.460257767,0.580736722,0.524506799,0.458655905,0
0.448714009,0.564179584,0.485001047,0.542780407,0.458722297,0
0.455143645,0.48779635,0.536940571,0.530170251,0.45870124,0
0.448193272,0.486640011,0.557855796,0.550175017,0.458448931,0
0.450385848,0.494849698,0.511917398,0.544301895,0.458531768,0
0.457971007,0.512750198,0.577203661,0.510697771,0.458431777,0
0.455189047,0.537130558,0.426386372,0.496016103,0.458741963,0
0.460423753,0.595960623,0.546262287,0.561241453,0.458633197,0
0.451252953,0.587027467,0.566363296,0.511586975,0.458573144,0
0.451930638,0.517168497,0.513738335,0.391644881,0.458816515,0
0.45564509,0.482375996,0.549698863,0.496436581,0.458908849,0
0.453588975,0.516071864,0.483252845,0.516702074,0.458645327,0
0.453992282,0.477890516,0.527570721,0.546483845,0.458709159,0
0.45034293,0.581400695,0.470082499,0.555176846,0.458706768,0
0.450519703,0.580506778,0.551950403,0.507246941,0.458702076,0
0.453168965,0.55171828,0.551629758,0.507133396,0.458639166,0
0.455151725,0.497170396,0.445925359,0.41356726,0.458713206,0
0.450074731,0.44062891,0.587586606,0.422992873,0.458766355,0
0.45276886,0.604612601,0.599519195,0.492924569,0.458364989,0
0.460550534,0.493535476,0.473106973,0.457104439,0.458668324,0
0.449869542,0.415238228,0.36065489,0.462869249,0.458548604,0
0.452806401,0.542435891,0.471106331,0.4811333,0.458882201,0
0.458238438,0.491502185,0.490874735,0.53356769,0.458788912,0
0.461011967,0.509245651,0.5031394,0.625696058,0.458484341,0
0.453429101,0.516998617,0.602531841,0.61835776,0.458814434,0
0.462127305,0.520911668,0.530829153,0.570105609,0.458885643,0
0.451538485,0.420891373,0.601420839,0.517157408,0.458389086,0
0.455587627,0.496395646,0.53144683,0.639500943,0.458704765,0
0.451689624,0.470265843,0.449491935,0.475980999,0.458689305,0
0.461516952,0.568020322,0.528500569,0.569400437,0.458391516,0
0.458281582,0.544854021,0.461721955,0.517908734,0.458671047,0
0.454725178,0.532181375,0.531104591,0.534962009,0.458559663,0
0.451688035,0.530495237,0.421200234,0.61441606,0.45846933,0
0.460894595,0.545840944,0.542681365,0.543209478,0.458512117,0
0.463687534,0.474815081,0.565330632,0.434016201,0.458766662,0
0.453580853,0.417444303,0.377843382,0.540784274,0.458539344,0
0.451949859,0.54586023,0.482660333,0.532537577,0.458764685,0
0.45814112,0.583110827,0.636729411,0.518009709,0.458739162,0
0.452571618,0.4286353,0.427242382,0.545054465,0.458394913,0
0.452867457,0.539038749,0.552336563,0.480964123,0.458739868,0
0.453340622,0.516353846,0.456845583,0.54648236,0.459034816,0
0.447491956,0.488487295,0.472078169,0.449614519,0.458436183,0
0.453523916,0.493722818,0.543736817,0.501285365,0.458759922,0
0.455889673,0.474876915,0.56841326,0.575306944,0.458519236,0
0.45422409,0.576018107,0.490633202,0.497079908,0.458530807,0
0.453746752,0.527537487,0.513326121,0.585473123,0.458577012,0
0.455181479,0.513246471,0.516446555,0.470707037,0.458824655,0
0.450352297,0.551061577,0.529057602,0.502114092,0.458691878,0
0.456200821,0.589282,0.653919533,0.492161996,0.458895381,0
0.452096773,0.500844194,0.50631726,0.622718589,0.458579874,0
0.454590557,0.496400685,0.497362623,0.407850944,0.458826506,0
0.463285625,0.56954124,0.533940078,0.536657924,0.458699072,0
0.452216115,0.552947194,0.528358888,0.57136841,0.458521678,0
0.448593852,0.501297991,0.390941498,0.484066881,0.458537735,0
0.454806749,0.436412602,0.491965602,0.483467619,0.458749189,0
0.448884107,0.474753601,0.49454903,0.606843271,0.458581509,0
0.45639008,0.565693799,0.527517405,0.569019537,0.458856643,0
0.452041395,0.564761456,0.525947745,0.579635473,0.458751021,0
0.456834929,0.544810135,0.473984753,0.529712211,0.458436653,0
0.458253356,0.508037799,0.492869779,0.591726736,0.458863302,0
0.453637517,0.568930017,0.512242794,0.506691009,0.458569598,0
0.452187759,0.56117641,0.477524532,0.433920594,0.458526004,0
0.460046973,0.488695915,0.52264472,0.434862539,0.458547118,0
0.457499158,0.503080405,0.431898807,0.516939136,0.458391429,0
0.451958479,0.6178733,0.529388578,0.575230138,0.458648871,0
0.461067592,0.420058078,0.484891984,0.509371545,0.458541659,0
0.449828953,0.524291552,0.460797556,0.520271782,0.458684144,0
0.449835129,0.509361052,0.402331349,0.480154892,0.458831405,0
0.458472719,0.5976998,0.52043529,0.434969962,0.458476656,0
0.458680563,0.493183433,0.469770506,0.469976624,0.458709671,0
0.456233005,0.462836093,0.513932126,0.556949772,0.458547456,0
0.447990392,0.49351419,0.595155436,0.529868945,0.458576848,0
0.45604444,0.516164946,0.529446907,0.563163378,0.458969277,0
0.45609457,0.492946747,0.531155791,0.559590357,0.458537235,0
0.460697334,0.371427647,0.512824187,0.549764487,0.458651136,0
0.447798949,0.452172779,0.457434072,0.498971708,0.458649838,0
0.45652303,0.550164525,0.59353803,0.454367234,0.458839043,0
0.458227978,0.507615049,0.524588705,0.511839993,0.458484482,0
0.458359007,0.552144289,0.529560771,0.504940392,0.458640844,0
0.457475114,0.501459453,0.572856797,0.481491152,0.458644088,0
0.450138842,0.461336638,0.555273014,0.537948231,0.458853895,0
0.462659328,0.391293418,0.578291259,0.509121877,0.458848171,0
0.445332115,0.488281918,0.516177362,0.578042179,0.45879776,0
0.451568054,0.543592423,0.521146395,0.564397757,0.458676141,0
0.45399199,0.592577781,0.572593223,0.516551194,0.45850841,0
0.454618383,0.453910529,0.52071254,0.508945558,0.458447809,0
0.458690779,0.596718034,0.499512541,0.588649683,0.458702181,0
0.458624322,0.572993885,0.642137037,0.482427069,0.458476309,0
0.456802641,0.562848979,0.567269609,0.409216741,0.458693344,0
0.459551382,0.454402849,0.469954774,0.483431995,0.458491522,0
0.461119374,0.5178908,0.439932476,0.593059619,0.458821936,0
0.452743257,0.56993511,0.622742781,0.484893723,0.458744052,0
0.453736706,0.566233473,0.558146612,0.587180182,0.458665572,0
0.454507042,0.489867441,0.609911707,0.461467528,0.458540716,0
0.459961206,0.571122388,0.536596598,0.479284944,0.458756747,0
0.452240569,0.559468862,0.492580708,0.521632307,0.458567671,0
0.459054046,0.612316898,0.467642143,0.474895513,0.458718116,0
0.450819171,0.561881802,0.519066495,0.527706744,0.458687072,0
0.458855609,0.419032626,0.439087567,0.51259745,0.458593383,0
0.45682979,0.503798972,0.477932078,0.579125941,0.458680935,0
0.457069998,0.591861823,0.538412107,0.577898833,0.458705292,0
0.45423818,0.512716285,0.463151038,0.563062701,0.458696744,0
0.453381255,0.512998491,0.594924324,0.505698731,0.458471457,0
0.45014721,0.57574734,0.502505076,0.476594544,0.458442346,0
0.457950203,0.466187107,0.445336537,0.446058531,0.458394763,0
0.461445765,0.650262679,0.483630806,0.529816879,0.458432529,0
0.457444411,0.542352387,0.538235853,0.474638758,0.458508382,0
0.457293805,0.409690243,0.480463669,0.519914178,0.458578584,0
0.450524846,0.472396799,0.499437091,0.55582816,0.458762951,0
0.452609109,0.601446603,0.460029935,0.522706339,0.458525024,0
0.454611263,0.50219309,0.529461029,0.569886688,0.458638816,0
0.456204212,0.55327916,0.429872145,0.532037891,0.458558894,0
0.453855123,0.442375902,0.460704054,0.49171398,0.4587042,0
0.454624709,0.499862302,0.51235796,0.494081501,0.458427541,0
0.453360021,0.595509942,0.357013733,0.566393879,0.458738226,0
0.451632462,0.545416436,0.534677049,0.50085281,0.458621369,0
0.45213455,0.550652501,0.473699968,0.589475651,0.458657828,0
0.448890646,0.524202601,0.567594646,0.544336686,0.458579397,0
0.453442267,0.486642736,0.503819741,0.545846837,0.458914609,0
0.455643915,0.552477559,0.421199894,0.397587504,0.458772866,0
0.450031151,0.567777375,0.447418883,0.429733804,0.458763767,0
0.447229614,0.502010447,0.513650014,0.571732121,0.458733452,0
0.458784933,0.526490881,0.68254044,0.463329038,0.458703662,0
0.453126561,0.539348897,0.511069855,0.52673933,0.458755127,0
0.447515784,0.48148548,0.497500631,0.482806091,0.45853449,0
0.454663755,0.445239174,0.420163129,0.512143736,0.458751759,0
0.445003252,0.49238308,0.522486408,0.513259369,0.458479189,0
0.454092822,0.617760727,0.540565249,0.505951985,0.458660773,0
0.454045115,0.586802056,0.419135017,0.551077482,0.458630865,0
0.452048734,0.412983372,0.463749348,0.539955479,0.458631512,0
0.443992906,0.549365304,0.577117411,0.512696737,0.458651496,0
0.455942102,0.43773793,0.496679755,0.588878972,0.458833865,0
0.447581995,0.584733838,0.515993025,0.549206175,0.458773267,0
0.450683442,0.552053528,0.536569309,0.562742938,0.458501121,0
0.452725144,0.539171755,0.569911812,0.550233014,0.45815423,0
0.458691338,0.498646374,0.479692356,0.521297751,0.458787559,0
0.455192113,0.611904705,0.557642089,0.442697391,0.458363556,0
0.459659888,0.612306464,0.474696367,0.603426661,0.458629051,0
0.460968723,0.56139942,0.523654603,0.486214041,0.458694599,0
0.45642034,0.451493675,0.394561715,0.571722542,0.458554951,0
0.446856026,0.545983153,0.55579836,0.554957229,0.458749342,0
0.458920231,0.454006433,0.42724313,0.494889407,0.458818412,0
0.45342463,0.57975583,0.458063684,0.584822251,0.458829219,0
0.46079097,0.470801734,0.584292283,0.561280955,0.458580394,0
0.454544653,0.43653066,0.453889904,0.486701597,0.458910122,0
0.46043312,0.544600523,0.59677095,0.5774741,0.4585701,0
0.454721417,0.57797897,0.531381391,0.486885162,0.458753803,0
0.45375642,0.475048658,0.576051199,0.474269217,0.458517199,0
0.453144899,0.538144335,0.463766164,0.618608533,0.458577972,0
0.459291559,0.494820084,0.555015204,0.467528057,0.458864466,0
0.454310089,0.570705158,0.472612062,0.489145114,0.458772762,0
0.453441197,0.49303634,0.53636698,0.527776171,0.458829235,0
0.455719108,0.502540664,0.494472191,0.466281134,0.45869754,0
0.458458318,0.502948712,0.438915298,0.571051356,0.458640266,0
0.454100572,0.518934814,0.435413825,0.374678594,0.45849577,0
0.451439662,0.532345977,0.427104579,0.495047656,0.458736726,0
0.451862056,0.542062122,0.573767161,0.558554889,0.458425308,0
0.456764751,0.563131195,0.519615417,0.4207049,0.458652032,0
0.454571988,0.473545333,0.440520459,0.464758611,0.458451003,0
0.452580827,0.470413942,0.557120171,0.500445916,0.458741562,0
0.451285214,0.451540389,0.635838619,0.530409032,0.458534215,0
0.455870597,0.563781016,0.478561297,0.574960468,0.458786089,0
0.457774942,0.516986275,0.492693174,0.498332567,0.458710544,0
0.450013663,0.541525938,0.512521246,0.530869667,0.458452601,0
0.45767936,0.541654623,0.67529669,0.551365012,0.458628511,0
0.448004889,0.557311338,0.605505548,0.492035014,0.458633018,0
0.453804137,0.527763147,0.490024862,0.621954412,0.458412454,0
0.454142143,0.508284318,0.43597167,0.548252022,0.458647643,0
0.452573298,0.477798493,0.491944182,0.51398547,0.458484327,0
0.457042673,0.506547953,0.579648922,0.643072321,0.458534142,0
0.452894716,0.550072418,0.594198159,0.538505292,0.458789154,0
0.451400882,0.527306109,0.572502392,0.50254952,0.458807776,0
0.455200717,0.497261884,0.474083975,0.601662986,0.458636912,0
0.444356209,0.585321943,0.477528489,0.437165407,0.458454463,0
0.454798985,0.523594025,0.509368241,0.503870818,0.458685437,0
0.455041738,0.495224238,0.483866307,0.566308112,0.458659303,0
0.465584077,0.604680521,0.413398964,0.43094598,0.458573142,0
0.454531882,0.506194387,0.536725852,0.504140751,0.458763832,0
0.452105214,0.511476089,0.502193676,0.453129475,0.458748209,0
0.459057832,0.516741292,0.583631476,0.45829719,0.458648507,0
0.453815131,0.514704082,0.45660175,0.607139228,0.458516094,0
0.454571009,0.44456007,0.483860115,0.459796598,0.458509415,0
0.45652991,0.590455494,0.547978077,0.629037294,0.458473533,0
0.458220552,0.501132655,0.517368315,0.462951313,0.458624434,0
0.451212335,0.477564683,0.573268633,0.577323865,0.458673983,0
0.45833456,0.577920703,0.548191862,0.559637619,0.458458043,0
0.457430876,0.512324251,0.474041889,0.407623542,0.458628866,0
0.437566949,0.546618735,0.647371392,0.504917891,0.458470583,0
0.454219018,0.58529598,0.531509008,0.524313556,0.458776038,0
0.451697215,0.536619629,0.508149253,0.448165797,0.458569897,0
0.454728602,0.491282519,0.504236751,0.494060728,0.458369625,0
0.450923909,0.449642286,0.493905589,0.568263741,0.45844891,0
0.456800742,0.505314675,0.638135738,0.523104719,0.458744049,0
0.453601894,0.538249468,0.426551677,0.483063586,0.458382314,0
0.459361904,0.463971427,0.558867956,0.531324933,0.458875919,0
0.451988557,0.53389992,0.476712567,0.527760877,0.4586125,0
0.458879241,0.517179542,0.565795392,0.509347265,0.458698093,0
0.454340418,0.45820921,0.54857617,0.497109729,0.458524951,0
0.455850065,0.518944435,0.552584981,0.447896152,0.458685826,0
0.460510695,0.499230224,0.611000788,0.496209259,0.458619647,0
0.453515459,0.498885011,0.518113134,0.55748436,0.458431575,0
0.462383688,0.512425774,0.461460852,0.50848774,0.458696243,0
0.456537314,0.501013468,0.525320817,0.571407179,0.458443032,0
0.451893218,0.415272243,0.493210535,0.589325576,0.458795955,0
0.456882984,0.488922116,0.482720097,0.570160501,0.458616796,0
0.454295283,0.457815252,0.628075779,0.535634805,0.458532586,0
0.450711929,0.57037469,0.459844624,0.480848699,0.458500908,0
0.451988142,0.452201516,0.501517477,0.625052246,0.458630129,0
0.451694293,0.588202372,0.580920291,0.493559187,0.45843772,0
0.458922903,0.656333592,0.409236698,0.526252124,0.458294435,0
0.459366697,0.533356814,0.400765483,0.521530903,0.458686338,0
0.452398372,0.544453894,0.521087859,0.466297036,0.458858993,0
0.450961693,0.48349601,0.542012543,0.616745957,0.458511326,0
0.458608765,0.532276078,0.527570358,0.453857926,0.458765681,0
0.45612249,0.55168252,0.571623286,0.562977381,0.458739783,0
0.45384994,0.513049161,0.527237538,0.481187935,0.458827348,0
0.452541233,0.539656347,0.469937985,0.490174711,0.458589366,0
0.458646706,0.485829361,0.54254878,0.482619757,0.458532138,0
0.450885837,0.588329117,0.560114813,0.490975284,0.45861305,0
0.457833226,0.50487861,0.495891808,0.488955981,0.458696311,0
0.452970055,0.525992061,0.503190104,0.490119073,0.458309203,0
0.452818374,0.509126572,0.47038309,0.566270174,0.458515872,0
0.448496756,0.46848447,0.487681049,0.394679787,0.458461373,0
0.46045487,0.540125297,0.527368343,0.531915988,0.458805318,0
0.455292692,0.407727713,0.46455951,0.44051165,0.458819638,0
0.456327562,0.529614204,0.459818344,0.420493091,0.458671884,0
0.464217118,0.529508582,0.636715752,0.576671531,0.458497396,0
0.457948335,0.539900473,0.518094658,0.470259398,0.458825893,0
0.458275232,0.538024842,0.477750632,0.481469604,0.458651448,0
0.45190177,0.599800585,0.487995394,0.591809212,0.458669491,0
0.453653,0.49271038,0.51102137,0.548530887,0.458768837,0
0.452923589,0.510378715,0.619211382,0.448829367,0.458523692,0
0.457050294,0.575234353,0.600351333,0.554006147,0.458445086,0
0.457357418,0.55254034,0.481471555,0.500170696,0.458506785,0
0.451970158,0.510477312,0.574015145,0.569153498,0.458512002,0
0.446308958,0.617789779,0.461210946,0.612728836,0.458623451,0
0.455588939,0.493778768,0.414851293,0.61827297,0.458679299,0
0.451331528,0.467903139,0.582117674,0.510677256,0.458832745,0
0.45890135,0.372810957,0.607860744,0.525720671,0.458655582,0
0.456032448,0.486033227,0.47003766,0.540340188,0.458714861,0
0.452102715,0.551202779,0.495065149,0.503647692,0.458610524,0
0.453338112,0.505892867,0.3975535,0.534908778,0.458711096,0
0.457834419,0.547673744,0.506556263,0.540809619,0.458647866,0
0.466218967,0.450409151,0.473942026,0.513365538,0.458755863,0
0.449842437,0.557049477,0.594048881,0.405051223,0.45882994,0
0.463082125,0.555779096,0.570620529,0.60427691,0.458540517,0
0.458041708,0.60012549,0.424568301,0.471518298,0.458429873,0
0.453826847,0.539589325,0.491596739,0.396522693,0.458679924,0
0.461622272,0.587543548,0.605141625,0.531667155,0.458724385,0
0.454133826,0.51780772,0.437608424,0.456152279,0.458783264,0
0.450748766,0.559326867,0.571551546,0.552082045,0.458584619,0
0.452159252,0.461749852,0.450800734,0.498693996,0.45859772,0
0.45718588,0.549252305,0.529391192,0.472324432,0.45874519,0
0.456541721,0.600421643,0.543277267,0.438047774,0.458739875,0
0.448949306,0.560259246,0.43400952,0.458918895,0.458537642,0
0.457505113,0.484501532,0.560076474,0.488296854,0.458431276,0
0.45514341,0.568649546,0.513836843,0.435453411,0.45861034,0
0.452520455,0.549267822,0.51850071,0.424634669,0.45864676,0
0.455866155,0.607754339,0.526827674,0.535200661,0.458428763,0
0.453632138,0.580188294,0.542411584,0.509713081,0.458726889,0
0.452552096,0.5292953,0.451479082,0.615611184,0.458294652,0
0.462505004,0.599197551,0.514055731,0.485071215,0.458548875,0
0.455524795,0.571909612,0.434683413,0.485256358,0.45876183,0
0.453711434,0.536904909,0.454539898,0.465096369,0.458542231,0
0.452196643,0.519310442,0.586513323,0.581114837,0.458680646,0
0.452815253,0.494844864,0.394744373,0.524642783,0.458697726,0
0.456048275,0.499917011,0.477880311,0.665715607,0.458621827,0
0.458202595,0.484814968,0.646700325,0.547857848,0.458546741,0
0.455442986,0.552264827,0.626870337,0.609253026,0.458556959,0
0.461750541,0.427994739,0.529259331,0.524294501,0.458488578,0
0.455769276,0.601177223,0.614959676,0.566068413,0.458532666,0
0.451918804,0.648935445,0.498396487,0.503969493,0.458726193,0
0.455683122,0.523800414,0.51634781,0.50906189,0.458446012,0
0.44943265,0.514118625,0.499472591,0.513827369,0.458921574,0
0.460551307,0.509561197,0.618451118,0.524230506,0.458698763,0
0.45646551,0.485711971,0.544687265,0.509495818,0.458227733,0
0.460648344,0.583044902,0.5139817,0.521694897,0.458546123,0
0.461375218,0.572132127,0.583010875,0.493340211,0.458583367,0
0.454206973,0.515309221,0.542661965,0.554036276,0.458790157,0
0.45801383,0.514668007,0.392255231,0.508417191,0.458754531,0
0.453173222,0.577674163,0.59039283,0.518432961,0.458552845,0
0.45643117,0.594318942,0.482454892,0.589110879,0.458647262,0
0.458402728,0.548909857,0.408806201,0.639411455,0.458582599,0
0.458801454,0.58733976,0.503842892,0.485636321,0.458689312,0
0.454582443,0.486986543,0.622930351,0.479850709,0.458527514,0
0.456197667,0.518885421,0.486580691,0.559868148,0.458727009,0
0.451865886,0.546307676,0.422307057,0.456011268,0.458773526,0
0.457505865,0.614674163,0.38770375,0.614548176,0.458774496,0
0.452314367,0.586133041,0.636552054,0.556113568,0.458745002,0
0.456311686,0.38725157,0.500901467,0.578860095,0.458600488,0
0.458639853,0.547460151,0.479155264,0.524154592,0.458539458,0
0.45290561,0.537978564,0.559229365,0.627812063,0.458729122,0
0.463685578,0.495674109,0.511410102,0.565842404,0.458731293,0
0.454594996,0.511817544,0.539758892,0.599638623,0.458599963,0
0.458756655,0.608075107,0.565510028,0.518228058,0.458799632,0
0.454838269,0.498185039,0.510638859,0.594797099,0.458732162,0
0.452866184,0.596330039,0.496950521,0.53025825,0.458695691,0
0.450980821,0.546185289,0.402909268,0.632668609,0.458615793,0
0.459155751,0.459554475,0.513839544,0.52865849,0.458676649,0
0.453528066,0.516528968,0.469725451,0.579814607,0.458861571,0
0.456869697,0.538327838,0.490295202,0.445644048,0.458833978,0
0.457291634,0.531891074,0.556891254,0.568766611,0.458507519,0
0.448467121,0.468229165,0.462712041,0.488196873,0.458750341,0
0.457261329,0.547014693,0.475873393,0.450311404,0.458720349,0
0.453564677,0.527255738,0.576075646,0.498136636,0.458808645,0
0.457241899,0.528873892,0.534946881,0.464030583,0.458539029,0
0.46238127,0.547644891,0.487890713,0.507842566,0.458542231,0
0.45535645,0.556042432,0.534410706,0.577008539,0.458657653,0
0.454299375,0.521341152,0.56744977,0.525535898,0.458612917,0
0.45546633,0.522920495,0.408597299,0.6574368,0.458602059,0
0.448606868,0.403445127,0.498478286,0.589485159,0.45850964,0
0.450874822,0.695708943,0.532439857,0.517623474,0.458475212,0
0.451568853,0.465750629,0.479369935,0.576209828,0.458373551,0
0.453630602,0.616014828,0.529117128,0.52565391,0.458554478,0
0.451501347,0.464473693,0.494048887,0.477005272,0.458360022,0
0.442062624,0.525347408,0.581975798,0.467349728,0.45859377,0
0.448708812,0.451334933,0.457795796,0.577198292,0.458659415,0
0.450952575,0.515818546,0.351187942,0.431458685,0.458626375,0
0.462074179,0.442990555,0.451681736,0.502103034,0.458671787,0
0.441865108,0.536460736,0.531253979,0.541412591,0.458629051,0
0.463368817,0.603106072,0.495020343,0.531719805,0.458531794,0
0.459055463,0.49885052,0.647555029,0.551399358,0.458577231,0
0.449318666,0.522519676,0.503460039,0.475879014,0.458545163,0
0.447320857,0.504119969,0.642180591,0.556038654,0.45877646,0
0.45219347,0.480971255,0.464168447,0.456058473,0.458688469,0
0.461711402,0.461005985,0.537802405,0.58662884,0.458686493,0
0.448798805,0.544105299,0.583978895,0.513112515,0.458558997,0
0.45842175,0.548255683,0.586439478,0.473257641,0.458760648,0
0.459908538,0.534467236,0.471223772,0.588971351,0.458719975,0
0.455228415,0.410206097,0.471249396,0.617984257,0.458778507,0
0.453269247,0.436039258,0.553213848,0.524765145,0.458576419,0
0.452321357,0.570039022,0.544340188,0.533971788,0.458748907,0
0.462298069,0.611226794,0.497038184,0.468141571,0.458860063,0
0.461495995,0.6006667,0.65337227,0.538868389,0.458475884,0
0.446136558,0.55418505,0.452631632,0.478247852,0.458753727,0
0.452634504,0.476027428,0.568717173,0.5418722,0.45872884,0
0.458679286,0.584140064,0.607063816,0.546101314,0.458616285,0
0.455980785,0.540521513,0.588345284,0.471964379,0.45877109,0
0.446724379,0.43700591,0.528875102,0.554123855,0.458366974,0
0.453581552,0.512690869,0.558018988,0.461173117,0.458953752,0
0.458186072,0.494710206,0.629667711,0.584570346,0.458710535,0
0.450522725,0.469534013,0.598569441,0.523444323,0.458726702,0
0.453775899,0.487629211,0.432187177,0.533967434,0.458666781,0
0.453485999,0.540177687,0.478463022,0.480818608,0.458681487,0
0.458020513,0.618584968,0.639026841,0.553060937,0.458908015,0
0.45429049,0.494524662,0.490427127,0.480279383,0.458754668,0
0.456973803,0.566219256,0.369994798,0.410496835,0.458815085,0
0.450111646,0.44153892,0.521114349,0.521478089,0.458833678,0
0.451884011,0.452312543,0.62732724,0.445532868,0.45855526,0
0.45459834,0.528043538,0.429500879,0.530810004,0.458604107,0
0.458176034,0.596237881,0.432555602,0.509406331,0.458616092,0
0.465759377,0.558730834,0.568059474,0.485892581,0.458774938,0
0.445011849,0.557308381,0.628472134,0.474552654,0.458563401,0
0.451864024,0.417087983,0.51648211,0.548656506,0.458757906,0
0.455826696,0.477088686,0.482092166,0.609515064,0.458911369,0
0.45842338,0.612121057,0.595229698,0.564007007,0.458588958,0
0.457016767,0.603115553,0.538055117,0.530726105,0.458625795,0
0.457978779,0.485518939,0.605385151,0.476499484,0.458519654,0
0.452595983,0.43748142,0.502994345,0.471895804,0.458631695,0
0.459399877,0.527252684,0.621779777,0.615504896,0.458543943,0
0.451737929,0.585301732,0.551594182,0.620112598,0.458537426,0
0.450409609,0.467635624,0.473046525,0.548463631,0.458707055,0
0.452286071,0.573736641,0.500431177,0.427784928,0.458574923,0
0.454578522,0.601844088,0.506312132,0.461084484,0.458949825,0
0.457408402,0.479435802,0.526000159,0.529654969,0.458495499,0
0.453462807,0.505088206,0.591779857,0.606899365,0.458567901,0
0.456282424,0.633157622,0.558496852,0.514869009,0.458968375,0
0.454535856,0.585279694,0.499740118,0.546740561,0.458630834,0
0.447564309,0.512339616,0.572305016,0.499124551,0.458537735,0
0.452226513,0.455283875,0.465341077,0.478198416,0.458593694,0
0.454430952,0.655038102,0.608627626,0.52735398,0.458627661,0
0.455140898,0.534104005,0.641234749,0.632439567,0.458467194,0
0.456134687,0.461203123,0.577845226,0.497702868,0.458839131,0
0.451009233,0.565284341,0.539379586,0.490733721,0.458777583,0
0.454617434,0.547566414,0.503569085,0.526954684,0.458800932,0
0.456629119,0.516836729,0.584049347,0.582377091,0.458825159,0
0.450267576,0.48427543,0.654308407,0.44352296,0.458586358,0
0.442985868,0.54014649,0.629861354,0.584662834,0.45893048,0
0.455410709,0.619751808,0.49677651,0.584440371,0.458800392,0
0.455698874,0.516039155,0.433529835,0.571820876,0.45856251,0
0.452599492,0.560613828,0.379746893,0.585701639,0.458733535,0
0.460589976,0.437155473,0.548542878,0.503042084,0.458542108,0
0.45106602,0.47851165,0.488576636,0.460387354,0.458488508,0
0.457524891,0.444788044,0.487899812,0.590465803,0.458694123,0
0.45631256,0.588026782,0.579306415,0.484498858,0.458621676,0
0.458088597,0.570705942,0.56232058,0.469952965,0.458774685,0
0.451753186,0.609655547,0.509914618,0.606905184,0.458824865,0
0.456492533,0.629137601,0.494860759,0.649516364,0.458625079,0
0.449429147,0.534783629,0.458927812,0.551162796,0.458498885,0
0.456942139,0.53022054,0.518809458,0.523344464,0.458731147,0
0.46002525,0.399846893,0.402399948,0.567984911,0.458458171,0
0.457447478,0.484935459,0.424443503,0.646749032,0.458842134,0
0.459640748,0.575718499,0.593366965,0.506197387,0.458520931,0
0.455265624,0.436503495,0.497764745,0.553596689,0.458737356,0
0.45678048,0.643079094,0.600503643,0.560161719,0.458692074,0
0.456111425,0.504980763,0.503936505,0.558878308,0.458829733,0
0.458691654,0.501675398,0.532748256,0.438137748,0.45886517,0
0.456993102,0.460875076,0.530186609,0.401516806,0.45854611,0
0.454997632,0.454667283,0.615194866,0.612865921,0.458352082,0
0.462481669,0.526140048,0.495371626,0.583770772,0.458708565,0
0.458995702,0.617973336,0.577945512,0.563867889,0.458685945,0
0.449205263,0.543307164,0.673270346,0.432071392,0.458828006,0
0.449157954,0.572128434,0.542663589,0.523433578,0.458431393,0
0.457777719,0.493227959,0.568899487,0.550679423,0.458764628,0
0.455574837,0.414197061,0.570339812,0.454374724,0.45858092,0
0.455660438,0.558776337,0.452312035,0.505082312,0.458820466,0
0.458644561,0.427083816,0.536730337,0.459188186,0.458597585,0
0.459504785,0.536028863,0.554563018,0.514837587,0.458640494,0
0.453457489,0.513466302,0.597773998,0.387969297,0.458483611,0
0.457564118,0.48041554,0.508673795,0.555396239,0.4585534,0
0.456132427,0.609220002,0.481988103,0.586663394,0.458540658,0
0.453148268,0.467797503,0.546636766,0.509901006,0.458633071,0
0.452052953,0.525221856,0.473996047,0.658661884,0.458427377,0
0.456613795,0.486927154,0.568058478,0.478336581,0.458759951,0
0.464658161,0.554945608,0.52074901,0.544420525,0.458634306,0
0.440564495,0.469870613,0.479054328,0.429845565,0.458489592,0
0.45089155,0.562586027,0.55675865,0.600233245,0.458524093,0
0.459314403,0.524424943,0.510633491,0.552215214,0.458477494,0
0.44920066,0.461119265,0.522500203,0.445553304,0.458581145,0
0.452895253,0.571901087,0.646960766,0.544008348,0.458796787,0
0.455005461,0.556831405,0.612869086,0.558061081,0.458839349,0
0.457384866,0.576966038,0.423766023,0.518812344,0.458640675,0
0.468980485,0.457965833,0.486825004,0.460549044,0.458797143,0
0.456335077,0.509540764,0.536887069,0.489850018,0.458523931,0
0.452464887,0.514575051,0.463995788,0.533269538,0.458489731,0
0.450420807,0.530177175,0.441588149,0.355338278,0.458633573,0
0.458565871,0.520010453,0.507165453,0.547809463,0.458375811,0
0.460207354,0.545619516,0.556165638,0.566742956,0.458679307,0
0.450229986,0.512726284,0.413410792,0.542565387,0.458394712,0
0.454943494,0.466078318,0.46961383,0.527260025,0.458684141,0
0.453941235,0.586372021,0.510586716,0.527669568,0.458715426,0
0.459073671,0.54923321,0.472162352,0.36958124,0.458611926,0
0.450322446,0.499087912,0.534600554,0.487500805,0.458743218,0
0.455936028,0.554038313,0.559478603,0.541784821,0.458702525,0
0.458376911,0.578880315,0.54182169,0.594948074,0.458650598,0
0.458832326,0.467184984,0.54220123,0.592692369,0.45865958,0
0.452470819,0.611228487,0.548850924,0.441727303,0.458493148,0
0.458438658,0.500563814,0.609870347,0.59869386,0.458813894,0
0.452302251,0.481028913,0.546133699,0.582801641,0.458623175,0
0.462030951,0.515680063,0.538623743,0.471269262,0.458585583,0
0.45065412,0.5498996,0.420827889,0.404798541,0.458731151,0
0.453276598,0.475007352,0.469698137,0.58833549,0.458545436,0
0.456813647,0.509873077,0.596134689,0.552386763,0.458503376,0
0.458664196,0.576344337,0.658731906,0.422265783,0.458808121,0
0.45116017,0.521746824,0.497331227,0.467177005,0.4584938,0
0.450390329,0.544678339,0.426243247,0.544228155,0.458440084,0
0.457650508,0.467435515,0.499179923,0.508373606,0.458717568,0
0.456434963,0.533447396,0.47904078,0.461026341,0.458764655,0
0.4585443,0.452503416,0.567183056,0.493116917,0.458977555,0
0.45240261,0.590866493,0.479908943,0.500656767,0.458712498,0
0.44794172,0.591153922,0.542493303,0.518230746,0.458729326,0
0.458494989,0.50407539,0.557999961,0.481289686,0.458265268,0
0.449812107,0.555029256,0.489633253,0.444080665,0.458469045,0
0.45558299,0.50723295,0.348446518,0.540640698,0.458357079,0
0.464324212,0.533866699,0.40244779,0.504640701,0.458542941,0
0.450558227,0.580184133,0.563509954,0.4243878,0.458653414,0
0.455340293,0.473212514,0.496745158,0.472565897,0.458507451,0
0.450709472,0.573082709,0.456097065,0.583135606,0.458639164,0
0.460201219,0.488355237,0.522021003,0.587146499,0.458481141,0
0.453988385,0.512267943,0.46431595,0.539642044,0.458564377,0
0.450919502,0.460939571,0.497401362,0.45958232,0.458668082,0
0.445771368,0.449223566,0.55003141,0.476711685,0.458819271,0
0.458227553,0.515710452,0.587572703,0.619207373,0.458562667,0
0.446776388,0.512861787,0.537718097,0.458286976,0.458446373,0
0.461083358,0.610312157,0.556433353,0.47703715,0.458819874,0
0.456816009,0.555072451,0.41349253,0.559014293,0.458462532,0
0.460069254,0.575523196,0.451086854,0.489085097,0.458938011,0
0.451768518,0.597351555,0.470149286,0.517609527,0.458598534,0
0.451652688,0.48043744,0.528669201,0.523451629,0.458730701,0
0.45822766,0.560579378,0.601498922,0.470153043,0.458983528,0
0.461941728,0.557552192,0.44705808,0.502313626,0.458510773,0
0.459535139,0.536007194,0.507989749,0.457525811,0.458394732,0
0.45400764,0.433177754,0.559170022,0.582696579,0.458735262,0
0.457406907,0.495504746,0.484975542,0.494020652,0.458647413,0
0.457851923,0.489865563,0.538978851,0.494878539,0.458835047,0
0.45753244,0.458702794,0.544219363,0.48027776,0.458832585,0
0.456701579,0.449902231,0.507317767,0.534292028,0.458472019,0
0.453849128,0.600145111,0.564937223,0.53766442,0.458618705,0
0.458614693,0.474656126,0.454050078,0.558569833,0.458348857,0
0.457791406,0.528876857,0.545457513,0.595723143,0.458536672,0
0.454697412,0.519070479,0.600000705,0.562243307,0.458589539,0
0.457979981,0.523738961,0.522506721,0.581770782,0.458359249,0
0.451818521,0.515373415,0.458485641,0.385887066,0.458688802,0
0.461525288,0.517800174,0.584122691,0.530145588,0.458428281,0
0.44938853,0.487665734,0.601935161,0.584498949,0.458594107,0
0.458213029,0.500135306,0.531556113,0.598426174,0.458607186,0
0.454486258,0.484421074,0.461273415,0.467935607,0.458665969,0
0.448619215,0.469177617,0.503524671,0.44080892,0.458307478,0
0.449149489,0.538788708,0.501024183,0.515995169,0.458465634,0
0.456241344,0.616315902,0.540088265,0.53389926,0.458772605,0
0.452905983,0.603126781,0.545612057,0.569632089,0.458862784,0
0.451910898,0.542934544,0.556138997,0.522196795,0.458485774,0
0.458166201,0.503030235,0.516402425,0.45072837,0.458489366,0
0.456611008,0.611803992,0.473839626,0.530640037,0.458702105,0
0.453024714,0.468869598,0.439561822,0.510852187,0.458536213,0
0.450980123,0.505396254,0.532458802,0.5517013,0.458549338,0
0.458666204,0.373413241,0.559631537,0.530429314,0.458857623,0
0.458308221,0.4791167,0.441664965,0.477662668,0.458715467,0
0.458780833,0.485400555,0.537428435,0.445894727,0.458645866,0
0.452601582,0.550809235,0.57217228,0.436954294,0.458455329,0
0.455838314,0.635828009,0.635943979,0.529527809,0.458533438,0
0.453619795,0.614035909,0.495674454,0.539322322,0.45850409,0
0.449718644,0.561856641,0.478753022,0.484684946,0.458518703,0
0.445398836,0.573741295,0.582965337,0.588589673,0.458472712,0
0.454193109,0.528517572,0.512153105,0.510849636,0.458269864,0
0.449674557,0.542380329,0.539953244,0.541960981,0.458505769,0
0.44982188,0.60086583,0.456896678,0.46765681,0.458872333,0
0.454683107,0.530750392,0.465705305,0.551417107,0.458628092,0
0.452268973,0.551572519,0.479587107,0.521176411,0.458666498,0
0.453279193,0.47681422,0.447178454,0.518631701,0.458255575,0
0.451746233,0.517902677,0.562795466,0.59715979,0.458565146,0
0.457593999,0.514301169,0.407415645,0.498447854,0.458748699,0
0.457201585,0.535407013,0.544887537,0.535193137,0.458423436,0
0.454868498,0.528050678,0.581895764,0.599487294,0.458791142,0
0.458937997,0.562513402,0.529953887,0.571262423,0.458594974,0
0.460354936,0.59352797,0.632886095,0.519384886,0.458658488,0
0.453856286,0.582899079,0.484257426,0.545278031,0.458564748,0
0.459314468,0.511782563,0.628180533,0.570280747,0.458695578,0
0.454605551,0.47040832,0.461523326,0.555366385,0.458690139,0
0.451942238,0.359085343,0.626218124,0.4844759,0.458580478,0
0.449429068,0.548200908,0.449151784,0.554156262,0.458294247,0
0.450268865,0.621999983,0.493994511,0.537208452,0.458746957,0
0.456896896,0.465089655,0.525863269,0.552337855,0.458750064,0
0.450452852,0.513145743,0.564771409,0.39441328,0.458416975,0
0.45205043,0.523211852,0.512111867,0.560776005,0.458681792,0
0.463284155,0.56122715,0.596084635,0.480990901,0.458689456,0
0.459660768,0.50850956,0.565809288,0.53115606,0.458649005,0
0.458062834,0.528084157,0.498982979,0.492536028,0.458722495,0
0.458547217,0.532650422,0.477669938,0.638299471,0.458622267,0
0.453597165,0.564491031,0.577021038,0.591856791,0.458522508,0
0.451869284,0.614833255,0.461195085,0.476489966,0.458639812,0
0.455903755,0.629461945,0.344689075,0.486793597,0.458573949,0
0.456197304,0.603456098,0.466045092,0.554642671,0.458627823,0
0.457874429,0.488391502,0.567906631,0.512957647,0.458668209,0
0.452834418,0.579044864,0.503523442,0.437214625,0.458591482,0
0.457345839,0.606099009,0.470956678,0.559310828,0.458456376,0
0.456723132,0.504446062,0.474044378,0.581603298,0.458547728,0
0.458569043,0.524127905,0.459337321,0.505243146,0.458430537,0
0.449456331,0.497903452,0.523036558,0.512796011,0.458756691,0
0.450211796,0.569329744,0.561856244,0.536264165,0.458523121,0
0.454198466,0.556511343,0.578339926,0.561376831,0.458671237,0
0.455585803,0.650816554,0.659179857,0.515657065,0.458367952,0
0.452372393,0.479374872,0.335197947,0.483612201,0.458519122,0
0.459905068,0.52459117,0.497880939,0.451099563,0.458729218,0
0.456415439,0.576016215,0.549846052,0.613128353,0.458635151,0
0.448820791,0.504825177,0.429428606,0.616270774,0.45886374,0
0.452137896,0.545972346,0.478028604,0.568585151,0.458556987,0
0.462414437,0.533146606,0.455560803,0.625610054,0.458488831,0
0.458879997,0.537292563,0.503367519,0.533994479,0.458656241,0
0.453676473,0.578640196,0.576431263,0.487211536,0.458682006,0
0.455837252,0.548417994,0.363298358,0.538088735,0.458784283,0
0.454391794,0.552838686,0.493525714,0.532487307,0.458660208,0
0.46355174,0.578909706,0.608904289,0.532989111,0.458518279,0
0.455444803,0.533799554,0.503218672,0.571533361,0.458473723,0
0.448180107,0.470774551,0.590272506,0.567566178,0.458538668,0
0.453212825,0.532957239,0.498926408,0.545783089,0.458709519,0
0.457790089,0.588805503,0.50399882,0.4937759,0.458848001,0
0.457322503,0.550891132,0.446511184,0.404452383,0.458676428,0
0.457791001,0.601762185,0.466364784,0.500263483,0.458836915,0
0.45762784,0.530980823,0.571268992,0.545831989,0.458685981,0
0.456508975,0.679118639,0.445149376,0.561490109,0.458547184,0
0.458070314,0.527498663,0.435279659,0.59950194,0.458452456,0
0.452421582,0.542164874,0.52490068,0.446640389,0.458442161,0
0.454719285,0.5106531,0.580735152,0.444636849,0.45835285,0
0.465918059,0.535227176,0.536533443,0.459434127,0.458715925,0
0.45761514,0.473417614,0.459939914,0.606749391,0.458467445,0
0.448014999,0.461188596,0.627720023,0.510371577,0.458532567,0
0.452190026,0.591943069,0.422212721,0.540340762,0.458517012,0
0.450867661,0.54663881,0.49876156,0.522943675,0.458318911,0
0.464848487,0.510090334,0.512787694,0.583825837,0.458559574,0
0.461359778,0.58648295,0.494795888,0.633722452,0.458490803,0
0.449364895,0.611791385,0.536211862,0.484663359,0.458437311,0
0.452241828,0.506029553,0.536896891,0.516365566,0.458611267,0
0.459824818,0.534154072,0.491966638,0.423893233,0.458708745,0
0.450764018,0.521697263,0.551079763,0.513049807,0.458546715,0
0.455252016,0.499130921,0.449460412,0.450600286,0.458650522,0
0.443424588,0.532265296,0.555443327,0.615356339,0.458860774,0
0.451807791,0.564618287,0.477421996,0.573969643,0.458535708,0
0.456641577,0.680892424,0.383111262,0.656605238,0.458741774,0
0.451193705,0.570650643,0.610773172,0.425883989,0.458389636,0
0.454367949,0.536246858,0.523284317,0.645032904,0.458753436,0
0.465614311,0.572948615,0.481505324,0.456892087,0.458658662,0
0.455071387,0.438965326,0.516548045,0.563840953,0.458543711,0
0.454118026,0.556646723,0.535953594,0.540958519,0.458738723,0
0.454375378,0.524408633,0.537362324,0.555802599,0.458577077,0
0.44910165,0.513365991,0.584074446,0.502842327,0.458660743,0
0.45355409,0.455275916,0.496507825,0.521693764,0.458708316,0
0.453913333,0.527658364,0.547197267,0.557880113,0.458604531,0
0.457803064,0.537108312,0.609802644,0.473030259,0.458482807,0
0.451117599,0.532924109,0.621123897,0.555520116,0.458620244,0
0.450492118,0.557806387,0.588005918,0.592348847,0.458356552,0
0.4554354,0.529298794,0.596324811,0.582762127,0.458477731,0
0.452346078,0.583634223,0.55533222,0.490827646,0.458570657,0
0.453736482,0.533626631,0.559585148,0.4615704,0.458748742,0
0.459587993,0.555083717,0.509861106,0.501060095,0.458707254,0
0.444400243,0.506806343,0.544602882,0.452571638,0.458785886,0
0.4607069,0.55582016,0.490103378,0.55815885,0.458781989,0
0.458458264,0.588115004,0.568134088,0.53106834,0.45858547,0
0.446845178,0.548551801,0.580732783,0.537547211,0.458596815,0
0.458507315,0.591098605,0.371543126,0.496944399,0.458337731,0
0.451324489,0.51872905,0.556035325,0.623180183,0.45831615,0
0.455926782,0.543548712,0.428434673,0.51994468,0.458511797,0
0.460020363,0.34627499,0.513476539,0.445016494,0.458403266,0
0.449015007,0.458430664,0.510109802,0.539988306,0.458391059,0
0.446920478,0.514153256,0.491424883,0.583263584,0.458846658,0
0.461854141,0.533364429,0.442577292,0.501755942,0.458498036,0
0.461951042,0.560827701,0.490569115,0.508624619,0.458757067,0
0.457214915,0.681196626,0.49361257,0.615694194,0.45849914,0
0.458368764,0.482624281,0.59569413,0.520822019,0.458700078,0
0.447431633,0.500087417,0.514594087,0.508121396,0.45830314,0
0.448669687,0.562681532,0.532574337,0.429198098,0.458497639,0
0.449927908,0.522142829,0.450065803,0.625606719,0.458637181,0
0.455901621,0.500302504,0.509181958,0.494573307,0.458609193,0
0.455208166,0.399106003,0.430724245,0.503413132,0.458433199,0
0.462794904,0.586440865,0.466861019,0.562739869,0.458291382,0
0.452559449,0.547527276,0.375772954,0.512009324,0.458478313,0
0.448747534,0.560252627,0.516884965,0.579485532,0.458659677,0
0.457865965,0.517445325,0.625290774,0.513644876,0.458601774,0
0.458917281,0.52305483,0.589249376,0.50829035,0.458847948,0
0.451691351,0.483898732,0.454493353,0.48968241,0.458753453,0
0.45505413,0.54388457,0.621967376,0.558580718,0.458623339,0
0.455823604,0.534490732,0.473401178,0.507916094,0.458597257,0
0.452111177,0.486438814,0.538709129,0.507111304,0.458760292,0
0.453265746,0.519099694,0.463147518,0.483916664,0.458808141,0
0.451392064,0.52156299,0.517574703,0.436365376,0.458657799,0
0.460621272,0.515340662,0.551161558,0.526096969,0.45870527,0
0.451239503,0.45978802,0.516685405,0.50302148,0.458643921,0
0.458499425,0.53588581,0.545332974,0.459971095,0.45867928,0
0.450551882,0.537915342,0.535629729,0.516162248,0.458570839,0
0.451116984,0.635658755,0.478993554,0.475657699,0.458433449,0
0.461449773,0.454379837,0.512703765,0.570312788,0.458586139,0
0.459022273,0.474268437,0.458701995,0.466245938,0.458515142,0
0.453623064,0.50088236,0.50880093,0.551539623,0.458520037,0
0.457395439,0.486552424,0.583188096,0.543216717,0.458522783,0
0.460410017,0.541335268,0.471426952,0.503478143,0.458738165,0
0.452788809,0.570081054,0.484521255,0.616562508,0.45865159,0
0.450353426,0.563679912,0.538190427,0.538423079,0.458401427,0
0.446637125,0.603059466,0.446380103,0.597221954,0.45867952,0
0.462423282,0.57552403,0.678491723,0.503878593,0.458624234,0
0.453240291,0.588848639,0.591178598,0.55682039,0.458771387,0
0.461395925,0.471180187,0.527166722,0.571118639,0.458735294,0
0.44657916,0.654728816,0.459052645,0.406496005,0.458557984,0
0.458115056,0.61538575,0.563259977,0.591125423,0.458452227,0
0.450208565,0.643684116,0.635860139,0.481488277,0.458470571,0
0.459004731,0.484142833,0.494253,0.484643393,0.458369103,0
0.449027852,0.535947394,0.625859969,0.510934155,0.458677995,0
0.451344894,0.625645162,0.467056275,0.571931384,0.458448655,0
0.459241106,0.596418474,0.42441155,0.56129623,0.458666567,0
0.446427017,0.545954489,0.55940037,0.581083983,0.45889342,0
0.447824416,0.506071712,0.486197078,0.559547084,0.458797789,0
0.449415776,0.526266154,0.493427558,0.641399371,0.45891678,0
0.456635341,0.454109023,0.478211942,0.558835014,0.458919806,0
0.45142844,0.456641222,0.47566938,0.623116337,0.458514717,0
0.452653472,0.507619885,0.448019859,0.572342716,0.458393149,0
0.456532967,0.469446173,0.511378814,0.389430983,0.45867601,0
0.452404486,0.510080409,0.629252296,0.625541591,0.458516084,0
0.456269901,0.484895695,0.5244729,0.537659774,0.458494659,0
0.454033634,0.422012733,0.50403017,0.515435494,0.458708781,0
0.455959222,0.509099356,0.348690641,0.449838687,0.458672776,0
0.456751032,0.474668317,0.488394967,0.480238824,0.458664725,0
0.464898654,0.520043103,0.566815147,0.523177653,0.458556698,0
0.453257614,0.480399394,0.551085368,0.587742528,0.458390998,0
0.450477006,0.521945957,0.59799255,0.614795038,0.458719828,0
0.453157183,0.512561174,0.61560503,0.546182741,0.458790993,0
0.450757884,0.469862411,0.466863067,0.662781066,0.45891199,0
0.459114503,0.53892639,0.336108135,0.593790424,0.458589052,0
0.448338579,0.567522518,0.550704951,0.579569494,0.458895436,0
0.450788634,0.555187201,0.411184932,0.535650594,0.458647039,0
0.46130564,0.573222628,0.506739543,0.581728111,0.458688057,0
0.458351444,0.408938552,0.642630981,0.528662412,0.458799648,0
0.459209224,0.556965518,0.56383643,0.657255902,0.458343498,0
0.456088523,0.550240252,0.415161806,0.43968269,0.458623497,0
0.455476841,0.539614732,0.541957506,0.563361144,0.458498743,0
0.450028028,0.518817778,0.5498226,0.603427965,0.458487859,0
0.450680457,0.562974135,0.489571293,0.506735345,0.458390699,0
0.453889428,0.503991554,0.489186133,0.58974108,0.458672617,0
0.457732783,0.484974597,0.58208389,0.487260063,0.45878379,0
0.456214956,0.507283022,0.422347867,0.580972197,0.458665891,0
0.443209196,0.54046687,0.557136308,0.607866029,0.458733824,0
0.455246645,0.484921597,0.542838999,0.529135741,0.458744777,0
0.456457355,0.588158079,0.495879925,0.608418029,0.458755483,0
